frame_idx,timestamp,A_forehead_R_raw,A_forehead_G_raw,A_forehead_B_raw,A_forehead_R_BPF,A_forehead_G_BPF,A_forehead_B_BPF,A_forehead_R_BPFSG,A_forehead_G_BPFSG,A_forehead_B_BPFSG,A_forehead_rPPG,B_cheek_R_raw,B_cheek_G_raw,B_cheek_B_raw,B_cheek_R_BPF,B_cheek_G_BPF,B_cheek_B_BPF,B_cheek_R_BPFSG,B_cheek_G_BPFSG,B_cheek_B_BPFSG,B_cheek_rPPG,C_combined_R_raw,C_combined_G_raw,C_combined_B_raw,C_combined_R_BPF,C_combined_G_BPF,C_combined_B_BPF,C_combined_R_BPFSG,C_combined_G_BPFSG,C_combined_B_BPFSG,C_combined_rPPG
0,1777732244.100877,129.180513,103.029710,92.091524,0.379270,-0.119761,0.083940,1.150535,-0.031016,0.291467,0.032698,143.969267,126.189295,115.496389,0.388657,-0.133345,-0.016726,1.063380,-0.132728,0.176337,0.094379,139.039682,118.469434,107.694767,0.385528,-0.128817,0.016829,1.092431,-0.098824,0.214714,0.135481
1,1777732244.132763,129.180513,103.029710,92.091524,1.292679,-0.003110,0.343951,1.285640,-0.007788,0.338394,0.032929,143.969267,126.189295,115.496389,1.195910,-0.104116,0.236035,1.194936,-0.105463,0.239059,0.094088,139.039682,118.469434,107.694767,1.228166,-0.070447,0.272007,1.225171,-0.072905,0.272171,0.136649
2,1777732244.160956,129.360619,103.373670,91.681515,1.954806,0.110976,0.538487,1.677112,0.070745,0.472805,0.033464,143.747067,125.821277,115.100603,1.793616,-0.039094,0.461367,1.566494,-0.026464,0.412091,0.093021,138.951584,118.338742,107.294240,1.847346,0.010929,0.487073,1.603367,0.005939,0.432329,0.139369
3,1777732244.179896,129.360619,103.373670,91.681515,2.412410,0.213469,0.705558,2.248285,0.206823,0.670854,0.033745,143.747067,125.821277,115.100603,2.240746,0.083266,0.695565,2.095936,0.098201,0.659137,0.090372,138.951584,118.338742,107.294240,2.297967,0.126667,0.698896,2.146719,0.134408,0.663043,0.140920
4,1777732244.223390,127.277503,101.868038,91.738683,2.767501,0.342768,0.869711,2.823335,0.376507,0.883118,0.032594,143.343125,126.446809,116.215386,2.597411,0.257866,0.934129,2.622921,0.259604,0.927560,0.083947,137.987918,118.253885,108.056485,2.654108,0.286166,0.912657,2.689726,0.298572,0.912746,0.135454
5,1777732244.295082,129.806674,103.789496,92.283582,3.108352,0.534038,1.026857,3.123253,0.538152,1.026824,0.027909,144.343123,126.624779,115.796983,2.896162,0.448026,1.141738,2.897909,0.441512,1.138049,0.069035,139.497640,119.013018,107.959183,2.966892,0.476697,1.103444,2.973024,0.473725,1.100974,0.112260
6,1777732244.339303,129.806674,103.789496,92.283582,3.394428,0.731646,1.157227,3.369184,0.705664,1.152697,0.022292,144.343123,126.624779,115.796983,3.124876,0.627278,1.319665,3.111038,0.626044,1.333069,0.052874,139.497640,119.013018,107.959183,3.214727,0.662068,1.265519,3.197087,0.652584,1.272945,0.085673
7,1777732244.367301,129.806674,103.789496,92.283582,3.586130,0.888506,1.253247,3.582169,0.873034,1.248000,0.016226,144.343123,126.624779,115.796983,3.277351,0.788376,1.483433,3.278146,0.786872,1.494850,0.036836,139.497640,119.013018,107.959183,3.380277,0.821753,1.406704,3.379487,0.815593,1.412567,0.058764
8,1777732244.409424,128.861591,103.268587,92.428944,3.722483,1.018493,1.314000,3.761694,1.029842,1.304403,0.010000,143.587806,127.005637,116.444744,3.382405,0.916876,1.616462,3.408492,0.905187,1.607819,0.021589,138.679068,119.093287,108.439477,3.495764,0.950748,1.515641,3.526226,0.946739,1.506680,0.033669
9,1777732244.473395,128.861591,103.268587,92.428944,3.854497,1.146114,1.330858,3.892877,1.165523,1.323343,0.003771,143.587806,127.005637,116.444744,3.476956,0.986261,1.680571,3.506289,0.971356,1.658856,0.007278,138.679068,119.093287,108.439477,3.602803,1.039545,1.564000,3.635152,1.036078,1.547018,0.011765
10,1777732244.505888,129.984089,103.422698,91.870037,3.966045,1.274717,1.309303,3.961930,1.276872,1.312228,-0.002408,143.963322,126.564862,116.280724,3.556298,0.988967,1.653851,3.569783,0.979714,1.633533,-0.006367,139.303577,118.850807,108.143828,3.692880,1.084217,1.539002,3.700499,1.078766,1.526431,-0.006254
11,1777732244.561262,129.750493,103.715995,91.691355,3.979716,1.378394,1.273344,3.951265,1.362755,1.282493,-0.008546,143.774293,126.355113,115.708796,3.578712,0.941681,1.545611,3.584248,0.936536,1.534878,-0.019865,139.099693,118.808740,107.702982,3.712380,1.087252,1.454855,3.706587,1.078609,1.450750,-0.020237
12,1777732244.618604,129.750493,103.715995,91.691355,3.840142,1.423383,1.232580,3.834517,1.418621,1.246794,-0.014674,143.774293,126.355113,115.708796,3.504819,0.852489,1.371167,3.517473,0.861671,1.388302,-0.033845,139.099693,118.808740,107.702982,3.616593,1.042787,1.324971,3.623155,1.047321,1.341133,-0.030385
13,1777732244.646779,128.172909,102.735990,91.162912,3.543705,1.408715,1.186531,3.563390,1.427808,1.204844,-0.020816,143.405152,125.262719,114.209276,3.298113,0.738195,1.161077,3.302689,0.767692,1.206968,-0.050096,138.327737,117.753809,106.527155,3.379977,0.961702,1.169561,3.389589,0.987731,1.206260,-0.037279
14,1777732244.710691,128.172909,102.735990,91.162912,3.110255,1.362098,1.139182,3.084077,1.365895,1.138321,-0.027348,143.405152,125.262719,114.209276,2.916357,0.635639,0.965362,2.857024,0.649049,0.977436,-0.068528,138.327737,117.753809,106.527155,2.980990,0.877792,1.023302,2.932709,0.887998,1.031064,-0.040128
15,1777732244.734907,128.555337,103.430161,91.659533,2.498789,1.263535,1.063701,2.387641,1.221755,1.029535,-0.033460,143.798984,126.132423,115.696253,2.289004,0.528141,0.752514,2.147111,0.496570,0.688717,-0.083215,138.717768,118.565002,107.684013,2.358932,0.773273,0.856243,2.227288,0.738298,0.802323,-0.036283
16,1777732244.752265,128.555337,103.430161,91.659533,1.609963,1.045930,0.903186,1.518010,1.002079,0.874103,-0.035969,143.798984,126.132423,115.696253,1.320144,0.346243,0.410905,1.212641,0.308704,0.348472,-0.087653,138.717768,118.565002,107.684013,1.416750,0.579472,0.574999,1.314431,0.539829,0.523683,-0.024982
17,1777732244.772846,121.760490,100.935793,89.632498,0.525638,0.722022,0.663486,0.553004,0.722448,0.671487,-0.032451,136.157034,124.303509,112.182042,0.119332,0.089530,-0.042481,0.154963,0.088147,-0.026700,-0.079300,131.358186,116.514270,104.665527,0.254767,0.300360,0.192841,0.287643,0.299581,0.206029,-0.008282
18,1777732244.789186,121.760490,100.935793,89.632498,-0.489522,0.384930,0.413678,-0.405884,0.407513,0.423855,-0.023008,136.157034,124.303509,112.182042,-0.997112,-0.172678,-0.461129,-0.884530,-0.156376,-0.412462,-0.058786,131.358186,116.514270,104.665527,-0.827916,0.013192,-0.169527,-0.724981,0.031587,-0.133689,0.010750
19,1777732244.816425,119.638683,99.933882,89.363512,-1.294561,0.086931,0.175320,-1.234362,0.103370,0.157674,-0.009318,133.895522,123.780406,111.976421,-1.853572,-0.404876,-0.784240,-1.759270,-0.398129,-0.765277,-0.029471,129.143243,115.831565,104.438785,-1.667235,-0.240940,-0.464387,-1.584301,-0.230963,-0.457627,0.028735
20,1777732244.869551,119.638683,99.933882,89.363512,-1.871423,-0.160388,-0.077073,-1.820070,-0.136384,-0.081389,0.005855,133.895522,123.780406,111.976421,-2.414690,-0.605156,-1.036459,-2.360763,-0.600889,-1.037638,0.002966,129.143243,115.831565,104.438785,-2.233601,-0.456900,-0.716663,-2.180532,-0.446054,-0.718888,0.042540
21,1777732244.937641,117.689712,98.611111,86.923457,-2.206514,-0.338601,-0.313479,-2.137063,-0.293930,-0.265954,0.019139,133.547078,122.867101,111.039933,-2.693679,-0.760726,-1.222189,-2.671129,-0.746630,-1.216866,0.031162,128.261290,114.781771,103.001108,-2.531290,-0.620018,-0.919286,-2.493107,-0.595730,-0.899895,0.050012
22,1777732244.971905,117.689712,98.611111,86.923457,-2.288812,-0.421899,-0.448069,-2.246934,-0.393038,-0.396080,0.027240,133.547078,122.867101,111.039933,-2.749923,-0.847430,-1.324546,-2.750993,-0.837002,-1.320137,0.051014,128.261290,114.781771,103.001108,-2.596219,-0.705586,-1.032387,-2.582973,-0.689014,-1.012118,0.051934
23,1777732245.003499,119.576598,99.839623,88.002816,-2.203102,-0.450883,-0.486569,-2.239451,-0.474732,-0.486335,0.029319,133.765243,123.014211,110.985075,-2.652007,-0.867008,-1.346511,-2.672680,-0.872734,-1.353944,0.064353,129.035695,115.289348,103.324322,-2.502372,-0.728300,-1.059864,-2.528270,-0.740067,-1.064741,0.051267
24,1777732245.032812,119.576598,99.839623,88.002816,-2.127841,-0.531371,-0.525636,-2.206667,-0.584072,-0.563487,0.027493,133.765243,123.014211,110.985075,-2.476034,-0.846729,-1.310480,-2.498372,-0.851289,-1.310950,0.073007,129.035695,115.289348,103.324322,-2.359970,-0.741610,-1.048866,-2.401137,-0.762217,-1.061795,0.049340
25,1777732245.063965,118.453816,98.913968,87.592509,-2.155516,-0.710952,-0.621752,-2.227058,-0.758076,-0.665750,0.023554,133.145840,122.357891,110.156161,-2.268234,-0.790777,-1.215102,-2.279352,-0.774521,-1.189137,0.076708,128.248499,114.543250,102.634944,-2.230661,-0.764169,-1.017318,-2.261921,-0.769039,-1.014675,0.046043
26,1777732245.100002,118.453816,98.913968,87.592509,-2.290944,-0.977656,-0.789861,-2.340303,-1.009243,-0.823953,0.018316,133.145840,122.357891,110.156161,-2.044631,-0.680234,-1.035437,-2.051394,-0.651272,-0.998055,0.075106,128.248499,114.543250,102.634944,-2.126736,-0.779374,-0.953578,-2.147697,-0.770596,-0.940021,0.041363
27,1777732245.133003,115.992647,97.048066,86.026825,-2.494071,-1.290773,-1.011292,-2.510230,-1.298677,-1.023794,0.012652,132.946904,122.916099,111.080186,-1.823860,-0.525623,-0.788880,-1.834310,-0.507262,-0.770810,0.067914,127.295485,114.293422,102.729065,-2.047264,-0.780673,-0.863017,-2.059617,-0.771067,-0.855138,0.035185
28,1777732245.161288,115.992647,97.048066,86.026825,-2.680313,-1.580718,-1.233524,-2.640410,-1.547584,-1.210999,0.007284,132.946904,122.916099,111.080186,-1.627605,-0.367099,-0.535461,-1.634854,-0.385267,-0.562858,0.055183,127.295485,114.293422,102.729065,-1.978508,-0.771639,-0.768148,-1.970039,-0.772706,-0.778905,0.027333
29,1777732245.190352,113.315152,95.042161,84.282345,-2.750485,-1.769936,-1.395605,-2.651663,-1.693364,-1.338742,0.002689,132.405873,124.282911,112.659647,-1.461347,-0.263726,-0.349248,-1.458103,-0.322460,-0.421157,0.037564,126.042299,114.535994,103.200546,-1.891060,-0.765796,-0.698034,-1.855956,-0.779428,-0.727018,0.017671
30,1777732245.225348,113.315152,95.042161,84.282345,-2.592218,-1.773470,-1.428626,-2.514456,-1.713100,-1.386781,-0.000918,132.405873,124.282911,112.659647,-1.314988,-0.292809,-0.317716,-1.310413,-0.335355,-0.365335,0.016393,126.042299,114.535994,103.200546,-1.740731,-0.786363,-0.688019,-1.711761,-0.794603,-0.705817,0.006246
31,1777732245.290600,116.270096,97.274623,85.806996,-2.232601,-1.612730,-1.345298,-2.244222,-1.620465,-1.357364,-0.003514,132.598206,122.277945,110.250953,-1.191362,-0.441058,-0.421087,-1.195476,-0.423756,-0.394664,-0.006450,127.155503,113.943505,102.102967,-1.538442,-0.831615,-0.729157,-1.545058,-0.822659,-0.715564,-0.006580
32,1777732245.312889,116.270096,97.274623,85.806996,-1.838198,-1.415018,-1.239562,-1.891968,-1.457669,-1.269997,-0.005168,132.598206,122.277945,110.250953,-1.106733,-0.604765,-0.532874,-1.114831,-0.575163,-0.495066,-0.028843,127.155503,113.943505,102.102967,-1.350555,-0.874849,-0.768436,-1.373877,-0.869332,-0.753376,-0.020070
33,1777732245.331376,116.296432,97.360158,85.283633,-1.492547,-1.247111,-1.148070,-1.526711,-1.277621,-1.154671,-0.005950,132.540480,123.138003,111.537461,-1.065600,-0.751950,-0.619903,-1.070751,-0.759965,-0.633216,-0.048767,127.125797,114.545388,102.786185,-1.207915,-0.917003,-0.795958,-1.222737,-0.932517,-0.807034,-0.033187
34,1777732245.347980,116.296432,97.360158,85.283633,-1.195854,-1.114567,-1.049797,-1.208494,-1.124888,-1.042159,-0.005859,132.540480,123.138003,111.537461,-1.060925,-0.922426,-0.742604,-1.064155,-0.939541,-0.765068,-0.064596,127.125797,114.545388,102.786185,-1.105901,-0.986473,-0.845002,-1.112268,-1.001323,-0.857432,-0.044745
35,1777732245.401566,116.591495,97.311385,85.733745,-0.948565,-1.014030,-0.944586,-0.954014,-1.014496,-0.947261,-0.004777,132.666640,122.192363,110.246983,-1.085605,-1.106210,-0.892000,-1.089882,-1.093885,-0.870104,-0.075227,127.308259,113.898704,102.075904,-1.039925,-1.075484,-0.909528,-1.044593,-1.067422,-0.895823,-0.053616
36,1777732245.467633,116.591495,97.311385,85.733745,-0.752473,-0.933800,-0.853521,-0.748625,-0.935735,-0.867828,-0.002461,132.666640,122.192363,110.246983,-1.132636,-1.243096,-0.989428,-1.137638,-1.221444,-0.954426,-0.080056,127.308259,113.898704,102.075904,-1.005915,-1.139997,-0.944126,-1.007967,-1.126208,-0.925560,-0.058928
37,1777732245.499580,116.259668,97.645969,86.017429,-0.588568,-0.867785,-0.789537,-0.583168,-0.875808,-0.801584,0.001387,132.721130,122.959133,111.399071,-1.188603,-1.313773,-1.016831,-1.194903,-1.314806,-1.020145,-0.078870,127.233976,114.521412,102.938524,-0.988591,-1.165110,-0.941066,-0.990991,-1.168473,-0.947291,-0.060234
38,1777732245.555362,117.235975,97.582380,85.669662,-0.443303,-0.814296,-0.748542,-0.458025,-0.824600,-0.751839,0.006953,132.851548,123.108437,111.772910,-1.237139,-1.343568,-1.026392,-1.245730,-1.359425,-1.059497,-0.071795,127.646357,114.599751,103.071828,-0.972527,-1.167144,-0.933775,-0.983162,-1.181150,-0.956944,-0.057578
39,1777732245.582200,117.235975,97.582380,85.669662,-0.334175,-0.757856,-0.706727,-0.369751,-0.768771,-0.716509,0.014579,132.851548,123.108437,111.772910,-1.259509,-1.337845,-1.046816,-1.268251,-1.347173,-1.070337,-0.059278,127.646357,114.599751,103.071828,-0.951064,-1.144515,-0.933453,-0.968751,-1.154372,-0.952394,-0.051485
40,1777732245.635215,117.078704,97.589869,86.006536,-0.255603,-0.673205,-0.647796,-0.280018,-0.673910,-0.666526,0.024750,132.819118,123.188003,111.370975,-1.227285,-1.276141,-1.053104,-1.224069,-1.270187,-1.048554,-0.041226,127.572313,114.655292,102.916162,-0.903391,-1.075162,-0.918001,-0.909385,-1.071428,-0.921211,-0.042516
41,1777732245.677828,117.078704,97.589869,86.006536,-0.170923,-0.534658,-0.570771,-0.122134,-0.489714,-0.552608,0.037091,132.819118,123.188003,111.370975,-1.104270,-1.132353,-0.996648,-1.065598,-1.110752,-0.972048,-0.019503,127.572313,114.655292,102.916162,-0.793155,-0.933122,-0.854689,-0.751110,-0.903740,-0.832235,-0.031297
42,1777732245.704204,115.364288,96.998378,84.646526,-0.002574,-0.299736,-0.428959,0.128120,-0.207199,-0.349426,0.050141,132.708978,123.685526,111.718034,-0.849589,-0.888086,-0.845493,-0.774191,-0.855712,-0.813983,-0.000557,126.927415,114.789810,102.694198,-0.567251,-0.691969,-0.706648,-0.473421,-0.639541,-0.659131,-0.019300
43,1777732245.743299,115.364288,96.998378,84.646526,0.365926,0.089401,-0.131242,0.431013,0.124775,-0.071736,0.061888,132.708978,123.685526,111.718034,-0.419026,-0.533581,-0.585224,-0.374116,-0.511845,-0.564599,0.009647,126.927415,114.789810,102.694198,-0.157376,-0.325920,-0.433897,-0.105740,-0.299638,-0.400311,-0.008537
44,1777732245.794098,121.715432,102.020417,88.420586,0.839239,0.543976,0.279669,0.736654,0.453874,0.250404,0.070047,136.763099,125.741902,113.371943,0.123915,-0.098208,-0.234210,0.086549,-0.104359,-0.235914,0.009235,131.747210,117.834740,105.054824,0.362356,0.115853,-0.062917,0.303251,0.081718,-0.073808,-0.000765
45,1777732245.824463,121.715432,102.020417,88.420586,1.110867,0.829029,0.627024,1.007102,0.747165,0.580069,0.072273,136.763099,125.741902,113.371943,0.607749,0.348830,0.155817,0.550519,0.330773,0.145600,-0.000677,131.747210,117.834740,105.054824,0.775455,0.508896,0.312886,0.702713,0.469571,0.290423,0.002777
46,1777732245.840289,118.179330,99.165169,87.892565,1.129882,0.913874,0.845081,1.168938,0.952666,0.845851,0.066414,136.781734,126.736687,114.279489,0.965630,0.765767,0.552375,0.952370,0.757526,0.552437,-0.016648,130.580933,117.546181,105.483848,1.020381,0.815136,0.649944,1.024559,0.822572,0.650242,0.001553
47,1777732245.858363,118.179330,99.165169,87.892565,1.100992,0.971686,0.979201,1.129459,1.006987,0.960153,0.051031,136.781734,126.736687,114.279489,1.234957,1.137481,0.941460,1.233776,1.145596,0.959590,-0.033553,130.580933,117.546181,105.483848,1.190302,1.082216,0.954040,1.199004,1.099393,0.959778,-0.004093
48,1777732245.888133,122.583951,102.928395,90.252812,1.021352,1.002472,0.999042,0.895839,0.914788,0.903263,0.025003,138.358130,127.637504,115.278501,1.411307,1.449355,1.304793,1.380047,1.462596,1.328280,-0.045454,133.100070,119.401134,106.936605,1.281322,1.300394,1.202876,1.218644,1.279993,1.186608,-0.012680
49,1777732245.902477,122.583951,102.928395,90.252812,0.680728,0.832854,0.798702,0.577040,0.748498,0.732391,-0.013710,138.358130,127.637504,115.278501,1.447509,1.686180,1.618743,1.417133,1.672602,1.604945,-0.049752,133.100070,119.401134,106.936605,1.191915,1.401738,1.345396,1.137102,1.364567,1.314094,-0.022171
50,1777732245.968403,115.763244,98.327927,85.786527,0.159474,0.505182,0.448888,0.258957,0.562494,0.513991,-0.063993,137.308531,129.414164,117.692888,1.361648,1.806360,1.819401,1.371613,1.751447,1.747860,-0.048748,130.126769,119.052085,107.057434,0.960923,1.372634,1.362563,1.000728,1.355129,1.336571,-0.030993
51,1777732246.016586,115.763244,98.327927,85.786527,-0.171911,0.277258,0.196155,-0.017157,0.382291,0.302522,-0.116884,137.308531,129.414164,117.692888,1.236540,1.741904,1.802766,1.264223,1.696859,1.742611,-0.044238,130.126769,119.052085,107.057434,0.767056,1.253689,1.267229,0.837097,1.258670,1.262581,-0.037840
52,1777732246.046425,119.602533,100.717593,87.864515,-0.221892,0.222980,0.114893,-0.194060,0.250833,0.150269,-0.160283,137.839009,127.648375,115.437307,1.110051,1.513126,1.582801,1.122515,1.523435,1.594797,-0.036033,131.760184,118.671447,106.246376,0.666070,1.083077,1.093498,0.683656,1.099234,1.113288,-0.041437
53,1777732246.078488,119.602533,100.717593,87.864515,-0.178615,0.231615,0.106685,-0.220494,0.210430,0.088574,-0.185262,137.839009,127.648375,115.437307,0.974759,1.228441,1.291194,0.973388,1.258455,1.326379,-0.024013,131.760184,118.671447,106.246376,0.590301,0.896166,0.896358,0.575427,0.909113,0.913777,-0.040784
54,1777732246.111652,119.204248,100.760485,88.312908,-0.122348,0.250622,0.113046,-0.130791,0.241939,0.092583,-0.187987,137.962539,127.994040,116.023375,0.829718,0.937436,0.982086,0.826708,0.943143,0.980842,-0.005011,131.709775,118.916188,106.786553,0.512362,0.708498,0.692406,0.507541,0.709408,0.684756,-0.034499
55,1777732246.141740,119.204248,100.760485,88.312908,-0.023928,0.286754,0.116708,-0.018856,0.282347,0.102343,-0.170335,137.962539,127.994040,116.023375,0.680986,0.630867,0.632006,0.679370,0.622255,0.611486,0.026160,131.709775,118.916188,106.786553,0.446015,0.516163,0.460240,0.446628,0.508952,0.441772,-0.022597
56,1777732246.173348,120.749246,101.660219,88.631139,0.095362,0.323403,0.103384,0.068264,0.301524,0.087654,-0.139711,137.967688,127.326215,114.905049,0.534621,0.322371,0.258515,0.534101,0.323392,0.256002,0.068281,132.228207,118.770883,106.147079,0.388201,0.322715,0.206805,0.378822,0.316103,0.199886,-0.008615
57,1777732246.208628,120.749246,101.660219,88.631139,0.163879,0.320820,0.062062,0.136727,0.307866,0.053848,-0.106912,137.967688,127.326215,114.905049,0.397108,0.049326,-0.078850,0.400604,0.059368,-0.061249,0.114024,132.228207,118.770883,106.147079,0.319365,0.139824,-0.031880,0.312645,0.142201,-0.022883,0.003906
58,1777732246.236593,119.822085,100.806584,88.159534,0.174322,0.283996,0.002260,0.185181,0.304144,0.009690,-0.079277,137.814544,127.058828,114.289298,0.276800,-0.163168,-0.335233,0.285370,-0.150617,-0.307589,0.155363,131.817058,118.308080,105.579377,0.242641,-0.014113,-0.222735,0.251974,0.000970,-0.201829,0.014150
59,1777732246.266981,119.822085,100.806584,88.159534,0.183628,0.262563,-0.046015,0.200683,0.281619,-0.038320,-0.055778,137.814544,127.058828,114.289298,0.184258,-0.301802,-0.480148,0.189647,-0.284317,-0.450184,0.185351,131.817058,118.308080,105.579377,0.184048,-0.113680,-0.335437,0.193326,-0.095672,-0.312896,0.023353
60,1777732246.304911,120.816812,101.944241,88.517037,0.198647,0.253513,-0.074346,0.182103,0.234971,-0.080319,-0.031721,138.114322,127.014767,114.601858,0.116750,-0.359977,-0.508122,0.111903,-0.338699,-0.483992,0.199584,132.348485,118.657925,105.906918,0.144049,-0.155480,-0.363530,0.135303,-0.147476,-0.349435,0.034061
61,1777732246.332671,120.816812,101.944241,88.517037,0.175964,0.201345,-0.095905,0.140494,0.164781,-0.104255,-0.004585,138.114322,127.014767,114.601858,0.058657,-0.337431,-0.438266,0.049627,-0.331578,-0.433388,0.197624,132.348485,118.657925,105.906918,0.097760,-0.157839,-0.324146,0.079916,-0.166125,-0.323677,0.054852
62,1777732246.368109,120.107162,101.212418,88.116422,0.116079,0.098631,-0.104222,0.101117,0.081888,-0.096871,0.024984,137.912926,128.068266,115.785062,0.006617,-0.262517,-0.312275,0.003528,-0.285062,-0.335658,0.186856,131.977671,119.116317,106.562182,0.043104,-0.142134,-0.242924,0.036057,-0.162746,-0.256063,0.097101
63,1777732246.382891,120.107162,101.212418,88.116422,0.063481,-0.013628,-0.073241,0.102181,0.009798,-0.046354,0.054127,137.912926,128.068266,115.785062,-0.030191,-0.191678,-0.193798,-0.021804,-0.217163,-0.228230,0.178517,131.977671,119.116317,106.562182,0.001033,-0.132328,-0.153612,0.019525,-0.141509,-0.167605,0.157523
64,1777732246.432486,118.888480,100.206291,88.226580,0.075164,-0.087541,0.009501,0.161424,-0.031116,0.043015,0.079095,137.673220,127.449071,115.528483,-0.041950,-0.137242,-0.108098,-0.024645,-0.138780,-0.130144,0.176404,131.411640,118.368144,106.427848,-0.002912,-0.120675,-0.068898,0.037378,-0.102892,-0.072424,0.219117
65,1777732246.478249,118.888480,100.206291,88.226580,0.219601,-0.068930,0.142492,0.258728,-0.037886,0.146181,0.096455,137.673220,127.449071,115.528483,-0.018283,-0.067421,-0.041958,-0.010088,-0.052303,-0.037267,0.177918,131.411640,118.368144,106.427848,0.061012,-0.067924,0.019525,0.079517,-0.047497,0.023882,0.265237
66,1777732246.537217,122.705717,102.401155,90.033230,0.432557,0.012366,0.279452,0.357591,-0.024631,0.233484,0.104313,138.398777,127.551604,114.740156,0.025749,0.031189,0.032346,0.012163,0.046465,0.064389,0.178580,133.167757,119.168121,106.504514,0.161352,0.024914,0.114715,0.127306,0.022767,0.120754,0.283431
67,1777732246.564447,122.705717,102.401155,90.033230,0.517921,0.043058,0.329827,0.424963,-0.012399,0.283826,0.103518,138.398777,127.551604,114.740156,0.049882,0.153057,0.156208,0.031611,0.160848,0.186004,0.171616,133.167757,119.168121,106.504514,0.205895,0.116391,0.214081,0.162728,0.103099,0.218611,0.266030
68,1777732246.602740,120.087418,101.148693,88.596405,0.446280,-0.000402,0.287326,0.440428,-0.013450,0.289019,0.096956,137.953328,128.036765,115.815944,0.044309,0.282193,0.321868,0.040678,0.281267,0.323978,0.148689,131.998025,119.074074,106.742765,0.178299,0.187994,0.310354,0.173928,0.183028,0.312325,0.212180
69,1777732246.627312,120.087418,101.148693,88.596405,0.355228,-0.051430,0.229861,0.404848,-0.023777,0.255084,0.087017,137.953328,128.036765,115.815944,0.029806,0.392026,0.472118,0.037021,0.386991,0.458909,0.101091,131.998025,119.074074,106.742765,0.138280,0.244207,0.391366,0.159630,0.250068,0.390967,0.131759
70,1777732246.654245,120.242783,100.785948,88.844771,0.309721,-0.066171,0.191221,0.350273,-0.025379,0.204471,0.074923,137.891254,128.263390,116.023220,0.017307,0.461990,0.571213,0.024663,0.454062,0.557935,0.021970,132.008430,119.104243,106.963737,0.114779,0.285936,0.444549,0.133200,0.294248,0.440114,0.037276
71,1777732246.693041,120.242783,100.785948,88.844771,0.301035,-0.024249,0.160565,0.316730,-0.002140,0.164436,0.062190,137.891254,128.263390,116.023220,0.007729,0.477546,0.605074,0.009771,0.460943,0.585327,-0.108480,132.008430,119.104243,106.963737,0.105498,0.310281,0.456904,0.112091,0.306582,0.445030,-0.078658
72,1777732246.726455,120.929739,102.092593,88.792756,0.304807,0.050791,0.133886,0.299600,0.035186,0.138975,0.050129,138.025155,128.353328,116.161610,-0.003184,0.427099,0.560638,-0.007607,0.401046,0.529792,-0.302977,132.326683,119.599750,107.038659,0.099480,0.301663,0.418388,0.094795,0.279093,0.399519,-0.222909
73,1777732246.761358,120.929739,102.092593,88.792756,0.281595,0.091833,0.114219,0.256606,0.055619,0.111107,0.038354,138.025155,128.353328,116.161610,-0.024732,0.302185,0.426016,-0.032102,0.286451,0.408573,-0.518972,132.326683,119.599750,107.038659,0.077377,0.232068,0.322083,0.064134,0.209507,0.309417,-0.366542
74,1777732246.803429,121.280796,101.941838,89.249657,0.200028,0.069796,0.090845,0.160385,0.038632,0.072104,0.026163,137.878771,127.099794,114.625754,-0.058761,0.128896,0.232215,-0.064753,0.141881,0.251120,-0.690216,132.346113,118.713808,106.167055,0.027502,0.109196,0.185091,0.010293,0.107465,0.191448,-0.469170
75,1777732246.841505,121.280796,101.941838,89.249657,0.037571,-0.005893,0.039602,0.012028,-0.014717,0.026887,0.013709,137.878771,127.099794,114.625754,-0.099545,-0.032210,0.052987,-0.101126,-0.002819,0.089156,-0.772015,132.346113,118.713808,106.167055,-0.053839,-0.023438,0.048525,-0.063408,-0.006785,0.068400,-0.506687
76,1777732246.857815,119.744856,100.886557,88.401097,-0.178779,-0.101646,-0.029826,-0.166040,-0.081749,-0.016956,0.001475,137.568434,127.018657,114.715306,-0.136772,-0.151488,-0.080927,-0.131840,-0.128758,-0.058862,-0.744129,131.627242,118.307957,105.943903,-0.150774,-0.134874,-0.063893,-0.143240,-0.113088,-0.044893,-0.471409
77,1777732246.872845,119.744856,100.886557,88.401097,-0.372458,-0.160147,-0.073925,-0.338531,-0.129082,-0.052703,-0.009931,137.568434,127.018657,114.715306,-0.155614,-0.230236,-0.181781,-0.145547,-0.234117,-0.193522,-0.612499,131.627242,118.307957,105.943903,-0.227895,-0.206873,-0.145829,-0.209875,-0.199105,-0.146582,-0.372076
78,1777732246.896147,119.689951,101.175245,88.833742,-0.504818,-0.159080,-0.082578,-0.476960,-0.136441,-0.075620,-0.019787,137.532740,127.697446,115.351858,-0.148187,-0.289603,-0.276308,-0.136729,-0.321978,-0.318161,-0.410684,131.585144,118.856712,106.512486,-0.267064,-0.246095,-0.211732,-0.250139,-0.260133,-0.237314,-0.233834
79,1777732246.912515,119.689951,101.175245,88.833742,-0.575236,-0.111380,-0.079116,-0.570109,-0.104441,-0.086164,-0.027242,137.532740,127.697446,115.351858,-0.113652,-0.369840,-0.404766,-0.108303,-0.390718,-0.426956,-0.201962,131.585144,118.856712,106.512486,-0.267513,-0.283687,-0.296216,-0.262238,-0.295292,-0.313359,-0.098235
80,1777732246.966216,120.454238,101.951563,89.027457,-0.603588,-0.042933,-0.080669,-0.624306,-0.053944,-0.092877,-0.032673,137.977291,126.243701,113.415182,-0.063548,-0.454787,-0.539433,-0.069629,-0.431554,-0.505083,-0.035914,132.136273,118.146322,105.285940,-0.243561,-0.317502,-0.386512,-0.254521,-0.305684,-0.367681,0.004442
81,1777732247.018054,120.454238,101.951563,89.027457,-0.629565,0.007805,-0.097816,-0.653925,-0.016584,-0.106722,-0.038282,137.977291,126.243701,113.415182,-0.021678,-0.471915,-0.584714,-0.032979,-0.432964,-0.536080,0.092209,132.136273,118.146322,105.285940,-0.224307,-0.312008,-0.422415,-0.239961,-0.294170,-0.392961,0.078428
82,1777732247.053506,119.885244,102.115320,88.758096,-0.656326,0.018679,-0.128581,-0.663349,-0.010494,-0.130395,-0.045696,137.930851,127.021515,114.536599,0.001207,-0.405855,-0.523586,-0.008210,-0.391276,-0.513372,0.202716,131.915649,118.719450,105.943765,-0.217971,-0.264344,-0.391918,-0.226590,-0.264349,-0.385713,0.134769
83,1777732247.081644,119.885244,102.115320,88.758096,-0.650332,-0.015876,-0.158410,-0.643111,-0.032052,-0.157853,-0.055645,137.930851,127.021515,114.536599,0.007475,-0.298665,-0.417793,0.000913,-0.315625,-0.444888,0.299233,131.915649,118.719450,105.943765,-0.211794,-0.204402,-0.331332,-0.213762,-0.221101,-0.349210,0.174523
84,1777732247.107285,119.693491,101.093682,88.679058,-0.585982,-0.070021,-0.177184,-0.567619,-0.055310,-0.174973,-0.068217,137.706192,127.647136,114.891099,0.004433,-0.187837,-0.308326,0.002850,-0.221402,-0.344490,0.370893,131.701958,118.795985,106.153752,-0.192372,-0.148565,-0.264612,-0.187307,-0.166038,-0.287984,0.196146
85,1777732247.139459,119.693491,101.093682,88.679058,-0.446178,-0.086938,-0.179321,-0.406867,-0.042754,-0.164224,-0.081067,137.706192,127.647136,114.891099,0.004148,-0.105899,-0.214950,0.015153,-0.119376,-0.219774,0.404380,131.701958,118.795985,106.153752,-0.145961,-0.099579,-0.203073,-0.125520,-0.093835,-0.201257,0.199139
86,1777732247.170935,119.905075,101.059259,88.422497,-0.223612,-0.035742,-0.154359,-0.169441,0.017417,-0.125543,-0.090058,137.327167,126.510876,113.579867,0.022578,-0.038718,-0.113058,0.047160,-0.010455,-0.068321,0.395257,131.519803,118.027004,105.194077,-0.059485,-0.037726,-0.126825,-0.025040,-0.001164,-0.087395,0.185899
87,1777732247.194148,119.905075,101.059259,88.422497,0.078555,0.087916,-0.087172,0.091017,0.100043,-0.079862,-0.090960,137.327167,126.510876,113.579867,0.079241,0.073890,0.065444,0.094149,0.108018,0.111611,0.346701,131.519803,118.027004,105.194077,0.079012,0.078566,0.014572,0.093105,0.105360,0.047787,0.160477
88,1777732247.232578,123.083402,103.535528,89.980796,0.379961,0.222364,-0.009659,0.309231,0.162359,-0.049068,-0.078979,138.333836,127.710464,115.394649,0.157091,0.231180,0.306998,0.142965,0.232501,0.305646,0.268814,133.250358,119.652152,106.923365,0.231381,0.228241,0.201446,0.198387,0.209120,0.187408,0.127893
89,1777732247.250127,123.083402,103.535528,89.980796,0.523625,0.240762,-0.000308,0.432232,0.164836,-0.045153,-0.056408,138.333836,127.710464,115.394649,0.202676,0.371063,0.516012,0.177317,0.350298,0.482602,0.177879,133.250358,119.652152,106.923365,0.309659,0.327630,0.343906,0.262288,0.288477,0.306684,0.093507
90,1777732247.295678,121.403050,101.863017,88.666667,0.479537,0.124676,-0.062198,0.443694,0.099012,-0.066409,-0.025513,137.967802,127.838313,115.669969,0.197964,0.458531,0.636047,0.184656,0.438780,0.600537,0.095096,132.446218,119.179881,106.668868,0.291822,0.347246,0.403298,0.271002,0.325524,0.378222,0.062267
91,1777732247.321891,121.403050,101.863017,88.666667,0.344755,-0.035603,-0.122970,0.371581,-0.006205,-0.096216,0.021152,137.967802,127.838313,115.669969,0.160559,0.485876,0.650236,0.161665,0.475089,0.623179,0.034319,132.446218,119.179881,106.668868,0.221958,0.312050,0.392501,0.231637,0.314657,0.383381,0.036345
92,1777732247.376131,120.048611,100.705474,88.471814,0.208090,-0.162555,-0.138854,0.271192,-0.103288,-0.106975,0.079612,137.578560,127.499071,115.020820,0.108615,0.456971,0.565375,0.117571,0.455023,0.551578,0.000237,131.735244,118.567872,106.171152,0.141773,0.250463,0.330632,0.168778,0.268919,0.332060,0.015473
93,1777732247.389902,120.048611,100.705474,88.471814,0.148705,-0.192491,-0.095380,0.196498,-0.150900,-0.074537,0.134663,137.578560,127.499071,115.020820,0.060592,0.387082,0.411716,0.068376,0.391155,0.421051,-0.002431,131.735244,118.567872,106.171152,0.089963,0.193891,0.242684,0.111083,0.210470,0.255855,-0.000529
94,1777732247.440728,121.666995,102.307801,89.270910,0.166829,-0.134206,-0.004401,0.164513,-0.141208,-0.001402,0.175604,137.630676,127.213242,113.888457,0.023099,0.289256,0.231293,0.024854,0.295309,0.264940,0.020065,132.309449,118.911428,105.682608,0.071009,0.148102,0.152728,0.071407,0.149803,0.176159,-0.012725
95,1777732247.523507,121.666995,102.307801,89.270910,0.183977,-0.068672,0.095994,0.156502,-0.096641,0.085976,0.198261,137.630676,127.213242,113.888457,-0.009067,0.174305,0.077591,-0.009302,0.174448,0.101538,0.051032,132.309449,118.911428,105.682608,0.055281,0.093313,0.083725,0.045966,0.084085,0.096351,-0.022236
96,1777732247.553476,121.671056,102.195748,89.783402,0.162591,-0.032400,0.174906,0.143162,-0.046704,0.158785,0.202731,137.512544,127.230708,114.751032,-0.036928,0.044515,-0.048680,-0.034671,0.034667,-0.063253,0.075831,132.232048,118.885721,106.428489,0.029578,0.018877,0.025849,0.024607,0.007543,0.010760,-0.028752
97,1777732247.589381,121.671056,102.195748,89.783402,0.106785,-0.016901,0.208911,0.099697,-0.015536,0.195091,0.184373,137.512544,127.230708,114.751032,-0.057184,-0.105972,-0.199022,-0.054761,-0.116508,-0.231428,0.084010,132.232048,118.885721,106.428489,-0.002528,-0.076282,-0.063044,-0.003275,-0.082851,-0.089255,-0.031346
98,1777732247.617846,121.534075,102.236975,89.666291,0.024429,-0.017063,0.191086,0.021828,-0.012960,0.183740,0.147063,137.602731,126.601064,113.970705,-0.071920,-0.266087,-0.381963,-0.073070,-0.266972,-0.399990,0.070868,132.246512,118.479701,105.869234,-0.039803,-0.183079,-0.190947,-0.041437,-0.182301,-0.205413,-0.028817
99,1777732247.642589,121.534075,102.236975,89.666291,-0.072815,-0.031318,0.131033,-0.076090,-0.037235,0.125313,0.107662,137.602731,126.601064,113.970705,-0.088481,-0.407504,-0.562311,-0.092264,-0.400133,-0.554089,0.039336,132.246512,118.479701,105.869234,-0.083259,-0.282109,-0.331196,-0.086873,-0.279167,-0.327622,-0.019816
100,1777732247.669778,121.379893,102.557167,89.565193,-0.172611,-0.064910,0.038129,-0.174327,-0.082101,0.031162,0.070370,137.564596,126.236479,113.009148,-0.110604,-0.508115,-0.698824,-0.114246,-0.496243,-0.668745,0.003494,132.169695,118.343375,105.194496,-0.131273,-0.360380,-0.453173,-0.134273,-0.358196,-0.435443,-0.003028
101,1777732247.698525,121.379893,102.557167,89.565193,-0.261854,-0.129728,-0.078453,-0.252247,-0.136373,-0.079256,0.031983,137.564596,126.236479,113.009148,-0.138269,-0.551973,-0.744419,-0.139245,-0.537537,-0.719315,-0.022004,132.169695,118.343375,105.194496,-0.179464,-0.411224,-0.522430,-0.176912,-0.403815,-0.505962,0.021001
102,1777732247.732149,121.010425,101.766118,89.045405,-0.321474,-0.208154,-0.198403,-0.298754,-0.190566,-0.187624,-0.004768,137.419578,126.292950,113.746030,-0.168171,-0.533262,-0.695028,-0.166187,-0.519677,-0.693345,-0.036535,131.949860,118.117339,105.512489,-0.219272,-0.424893,-0.529486,-0.210376,-0.409973,-0.524772,0.049247
103,1777732247.759112,121.010425,101.766118,89.045405,-0.326510,-0.253197,-0.290268,-0.316142,-0.239996,-0.280426,-0.035168,137.419578,126.292950,113.746030,-0.193684,-0.456266,-0.589518,-0.193370,-0.452845,-0.592179,-0.046794,131.949860,118.117339,105.512489,-0.237959,-0.388576,-0.489768,-0.234294,-0.381895,-0.488261,0.079092
104,1777732247.784193,122.067305,102.587863,89.331456,-0.288661,-0.259293,-0.343186,-0.307929,-0.273807,-0.344170,-0.056681,137.494840,126.950143,113.672039,-0.213312,-0.339963,-0.444473,-0.217373,-0.350804,-0.433639,-0.051957,132.352328,118.829383,105.558511,-0.238428,-0.313073,-0.410711,-0.247559,-0.325139,-0.403816,0.105661
105,1777732247.812548,122.067305,102.587863,89.331456,-0.256015,-0.262259,-0.366769,-0.274261,-0.274923,-0.366363,-0.072809,137.494840,126.950143,113.672039,-0.230622,-0.217911,-0.254240,-0.232986,-0.226125,-0.247647,-0.038745,132.352328,118.829383,105.558511,-0.239087,-0.232694,-0.291750,-0.246744,-0.242391,-0.287219,0.122747
106,1777732247.842252,121.362551,101.738409,89.093004,-0.230132,-0.254002,-0.356470,-0.217074,-0.233518,-0.342454,-0.087781,137.257701,126.741743,114.734281,-0.240390,-0.100237,-0.041693,-0.234828,-0.092266,-0.057276,0.005372,131.959318,118.407299,106.187189,-0.236971,-0.151492,-0.146619,-0.228910,-0.139350,-0.152335,0.132099
107,1777732247.872005,121.362551,101.738409,89.093004,-0.166134,-0.182675,-0.293589,-0.140700,-0.149701,-0.276968,-0.101550,137.257701,126.741743,114.734281,-0.228643,0.026118,0.141535,-0.218842,0.036478,0.124803,0.082191,131.959318,118.407299,106.187189,-0.207807,-0.043480,-0.003506,-0.192794,-0.025582,-0.009120,0.141482
108,1777732247.904293,122.201920,102.711385,89.836900,-0.058824,-0.043722,-0.184486,-0.051659,-0.030675,-0.182163,-0.111978,137.450619,127.436647,114.408463,-0.192031,0.151164,0.280315,-0.185002,0.146805,0.284673,0.185029,132.367720,119.194893,106.217942,-0.147629,0.086202,0.125382,-0.140554,0.087645,0.129061,0.157708
109,1777732247.919033,122.201920,102.711385,89.836900,0.056961,0.119759,-0.060683,0.039123,0.106977,-0.076173,-0.117094,137.450619,127.436647,114.408463,-0.137941,0.241597,0.395653,-0.138541,0.226648,0.407224,0.299877,132.367720,119.194893,106.217942,-0.072974,0.200984,0.243541,-0.079319,0.186758,0.246091,0.184720
110,1777732247.972110,122.817657,103.563785,90.378063,0.152177,0.267413,0.051895,0.121114,0.238176,0.027470,-0.115628,137.858209,127.534535,115.015322,-0.078933,0.279646,0.484001,-0.087735,0.265549,0.482609,0.407166,132.844692,119.544285,106.802902,-0.001896,0.275568,0.339966,-0.018119,0.256425,0.330896,0.222163
111,1777732248.031878,122.817657,103.563785,90.378063,0.203763,0.361874,0.133010,0.192118,0.340139,0.126021,-0.107431,137.858209,127.534535,115.015322,-0.032679,0.263116,0.516901,-0.040567,0.258364,0.504560,0.478297,132.844692,119.544285,106.802902,0.046135,0.296036,0.388937,0.036995,0.285622,0.378380,0.263856
112,1777732248.047660,121.790123,102.958573,89.625240,0.231301,0.403416,0.196196,0.260281,0.407714,0.222027,-0.093881,137.725945,127.181089,115.107494,-0.002386,0.201540,0.478502,-0.001728,0.205452,0.461017,0.487931,132.414004,119.106917,106.613410,0.075510,0.268832,0.384400,0.085608,0.272873,0.381353,0.295219
113,1777732248.075187,121.790123,102.958573,89.625240,0.296404,0.429587,0.288169,0.335895,0.450871,0.316448,-0.078505,137.725945,127.181089,115.107494,0.023093,0.116039,0.365776,0.027622,0.111264,0.340559,0.433780,132.414004,119.106917,106.613410,0.114197,0.220555,0.339907,0.130380,0.224466,0.332522,0.299795
114,1777732248.112633,122.938327,103.141650,90.818220,0.403024,0.456462,0.404219,0.417707,0.477807,0.403784,-0.064966,137.910051,127.410368,114.759527,0.046879,0.012491,0.186811,0.048444,-0.010592,0.156240,0.323585,132.919476,119.320796,106.779091,0.165594,0.160482,0.259280,0.171532,0.152208,0.238755,0.259306
115,1777732248.140310,122.938327,103.141650,90.818220,0.497120,0.478198,0.487964,0.483027,0.482923,0.467657,-0.054116,137.910051,127.410368,114.759527,0.063900,-0.118267,-0.038940,0.061358,-0.131788,-0.046424,0.162740,132.919476,119.320796,106.779091,0.208307,0.080555,0.136695,0.201914,0.073116,0.124936,0.148953
116,1777732248.177613,123.744645,103.981700,90.994325,0.532200,0.470437,0.508361,0.490337,0.443476,0.480648,-0.048029,138.026230,126.097263,112.937520,0.070800,-0.245178,-0.253794,0.064289,-0.218321,-0.209506,-0.063647,133.265702,118.725408,105.623122,0.224600,-0.006640,0.000258,0.206305,0.002278,0.020546,-0.061427
117,1777732248.203098,123.744645,103.981700,90.994325,0.469959,0.390744,0.460045,0.409794,0.339465,0.424470,-0.048555,138.026230,126.097263,112.937520,0.065949,-0.297133,-0.362228,0.056580,-0.248102,-0.292370,-0.361728,133.265702,118.725408,105.623122,0.200619,-0.067841,-0.088137,0.174318,-0.052246,-0.053423,-0.368241
118,1777732248.225450,123.744645,103.981700,90.994325,0.292919,0.218070,0.341744,0.256984,0.180189,0.318698,-0.043789,138.026230,126.097263,112.937520,0.050687,-0.237493,-0.316926,0.044871,-0.212944,-0.282708,-0.666734,133.265702,118.725408,105.623122,0.131431,-0.085639,-0.097369,0.115576,-0.081900,-0.082239,-0.689129
119,1777732248.251839,121.717695,102.534842,89.749383,0.057196,-0.009267,0.188516,0.085341,0.003515,0.212981,-0.017921,137.710861,127.638933,115.043665,0.037439,-0.104348,-0.173578,0.041848,-0.117278,-0.193516,-0.895078,132.379806,119.270903,106.612237,0.044025,-0.072655,-0.052880,0.056346,-0.077014,-0.058017,-0.920691
120,1777732248.304694,121.174486,101.650206,89.014815,-0.114808,-0.192612,0.085813,-0.044748,-0.138602,0.150095,0.026485,137.591775,127.286837,114.619721,0.049570,0.032922,-0.032066,0.061823,0.012914,-0.065378,-1.000000,132.119345,118.741293,106.084752,-0.005223,-0.042256,0.007227,0.026299,-0.037591,0.006446,-1.000000
121,1777732248.330869,121.174486,101.650206,89.014815,-0.140450,-0.248680,0.104162,-0.086948,-0.197484,0.149455,0.075520,137.591775,127.286837,114.619721,0.104710,0.153970,0.073525,0.116873,0.139420,0.048694,-0.959955,132.119345,118.741293,106.084752,0.022990,0.019753,0.083737,0.048933,0.027119,0.082281,-0.906656
122,1777732248.368492,122.436900,102.418656,90.726749,-0.038409,-0.175957,0.216187,-0.029245,-0.153615,0.207876,0.116537,137.764767,127.652032,114.865830,0.203752,0.259886,0.146950,0.211058,0.239888,0.120079,-0.783782,132.655478,119.240907,106.819470,0.123032,0.114605,0.170029,0.130957,0.108721,0.149345,-0.671896
123,1777732248.383906,122.436900,102.418656,90.726749,0.123967,-0.017286,0.329159,0.097554,-0.028020,0.293328,0.138961,137.764767,127.652032,114.865830,0.338736,0.333048,0.175139,0.337983,0.320365,0.161241,-0.519073,132.655478,119.240907,106.819470,0.267146,0.216270,0.226479,0.257840,0.204236,0.205270,-0.371323
124,1777732248.452707,123.162009,103.435381,90.609306,0.292007,0.176920,0.396586,0.244728,0.137774,0.357904,0.134085,138.089280,126.727191,113.567204,0.496264,0.388748,0.185183,0.486530,0.401932,0.206926,-0.253472,133.113523,118.963254,105.914572,0.428179,0.318138,0.255651,0.405929,0.313879,0.257252,-0.099898
125,1777732248.504452,123.162009,103.435381,90.609306,0.424278,0.349166,0.418782,0.390819,0.317366,0.385122,0.102286,138.089280,126.727191,113.567204,0.657281,0.474593,0.243651,0.650008,0.500343,0.283920,-0.054882,133.113523,118.963254,105.914572,0.579613,0.432784,0.302028,0.563611,0.439351,0.317654,0.085682
126,1777732248.570786,121.961842,102.543227,90.551253,0.528552,0.490876,0.394011,0.554497,0.510033,0.405610,0.061906,137.773953,126.771465,113.666185,0.817248,0.611141,0.379411,0.827381,0.623920,0.403029,0.082861,132.503249,118.695386,105.961208,0.721016,0.571053,0.384278,0.736419,0.585958,0.403889,0.201681
127,1777732248.607077,121.499314,101.962963,88.297394,0.673042,0.656862,0.376429,0.750795,0.713194,0.451133,0.031357,137.624405,127.178708,114.293823,0.989485,0.780660,0.566648,1.013063,0.777943,0.561937,0.181720,132.249374,118.773459,105.628347,0.884004,0.739394,0.503242,0.925640,0.756360,0.525002,0.275028
128,1777732248.651554,120.948285,102.235117,88.557339,0.918304,0.884535,0.468363,0.964484,0.908990,0.521942,0.011604,137.626072,127.083280,114.528977,1.179658,0.955523,0.757357,1.192655,0.957131,0.741097,0.246099,132.066810,118.800559,105.871765,1.092540,0.931860,0.661026,1.116598,0.941084,0.668045,0.313092
129,1777732248.705980,124.110512,104.046957,91.138601,1.210227,1.116002,0.635782,1.167613,1.077905,0.601464,-0.001097,138.360215,126.840665,114.287064,1.358424,1.125360,0.920194,1.348018,1.142575,0.914536,0.280908,133.610314,119.242762,106.570910,1.309025,1.122241,0.825390,1.287883,1.121018,0.810178,0.323010
130,1777732248.731876,124.110512,104.046957,91.138601,1.382790,1.235399,0.723544,1.319504,1.192883,0.664702,-0.007416,138.360215,126.840665,114.287064,1.469543,1.290576,1.049981,1.455605,1.307000,1.062269,0.291505,133.610314,119.242762,106.570910,1.440625,1.272184,0.941169,1.410238,1.268961,0.929747,0.311315
131,1777732248.805785,122.338683,102.559396,89.591495,1.380746,1.216964,0.688734,1.362882,1.212053,0.672265,-0.008174,137.800333,127.478485,114.095110,1.486444,1.422321,1.143549,1.483058,1.417931,1.163505,0.283328,132.646450,119.172122,105.927238,1.451211,1.353869,0.991944,1.442999,1.349305,0.999758,0.283841
132,1777732248.830435,122.338683,102.559396,89.591495,1.274342,1.118127,0.594566,1.259330,1.108580,0.594624,-0.004206,137.800333,127.478485,114.095110,1.412333,1.464944,1.193258,1.401373,1.442538,1.194020,0.261079,132.646450,119.172122,105.927238,1.366336,1.349338,0.993694,1.354026,1.331219,0.994221,0.245130
133,1777732248.884160,123.112894,103.413306,89.966392,1.065343,0.933206,0.453474,1.031501,0.901126,0.446442,0.003605,137.976977,127.709749,115.238727,1.227812,1.369803,1.153734,1.198066,1.343308,1.122429,0.229304,133.022283,119.610935,106.814615,1.173655,1.224271,0.920314,1.142544,1.195914,0.897100,0.199716
134,1777732248.930758,121.248560,101.752949,88.681756,0.735367,0.636624,0.260259,0.742053,0.634065,0.267757,0.014183,137.374325,126.870594,114.493252,0.907081,1.117743,0.961835,0.876545,1.081996,0.912008,0.193466,131.999070,118.498046,105.889420,0.849843,0.957370,0.727976,0.831714,0.932686,0.697258,0.153941
135,1777732248.975403,119.572849,100.393655,88.296296,0.375624,0.301351,0.061746,0.432594,0.338270,0.081246,0.026371,136.010372,126.697059,114.037771,0.477782,0.719816,0.613663,0.458770,0.656535,0.552394,0.158237,130.531197,117.929257,105.457279,0.443730,0.580327,0.429690,0.450045,0.550447,0.395344,0.113589
136,1777732248.990888,119.572849,100.393655,88.296296,0.090254,0.013013,-0.109593,0.119276,0.032139,-0.106398,0.039029,136.010372,126.697059,114.037771,-0.009401,0.174811,0.127009,-0.011919,0.123127,0.084366,0.126148,130.531197,117.929257,105.457279,0.023817,0.120879,0.048142,0.031813,0.092798,0.020778,0.081809
137,1777732249.041020,121.176007,101.159251,88.543086,-0.151950,-0.242306,-0.271430,-0.180779,-0.260237,-0.284836,0.050961,133.956428,123.307254,111.129514,-0.502100,-0.456874,-0.435747,-0.477933,-0.425057,-0.408414,0.098025,129.696287,115.924586,103.600705,-0.385383,-0.385352,-0.380974,-0.378882,-0.370117,-0.367221,0.059476
138,1777732249.105594,119.338488,99.702369,87.627890,-0.420550,-0.496466,-0.433943,-0.456048,-0.515696,-0.443891,0.060848,133.394917,121.718557,109.702672,-0.915586,-0.990010,-0.911247,-0.881466,-0.891997,-0.827907,0.073338,128.709441,114.379827,102.344411,-0.750574,-0.825495,-0.752146,-0.739660,-0.766563,-0.699902,0.045452
139,1777732249.121012,119.338488,99.702369,87.627890,-0.695437,-0.723254,-0.576376,-0.707985,-0.722823,-0.577963,0.067223,133.394917,121.718557,109.702672,-1.203341,-1.286099,-1.174480,-1.181069,-1.204036,-1.096125,0.050558,128.709441,114.379827,102.344411,-1.034040,-1.098484,-0.975112,-1.023374,-1.043632,-0.923405,0.036882
140,1777732249.186384,118.000141,98.538440,86.920867,-0.926375,-0.883008,-0.675771,-0.924247,-0.867750,-0.673455,0.068466,132.783423,122.610670,110.236345,-1.369653,-1.359051,-1.226829,-1.356168,-1.328954,-1.181393,0.027567,127.855662,114.586593,102.464519,-1.221894,-1.200370,-1.043143,-1.212194,-1.175220,-1.012080,0.029603
141,1777732249.235457,118.000141,98.538440,86.920867,-1.074293,-0.942317,-0.713280,-1.052481,-0.918016,-0.700881,0.062685,132.783423,122.610670,110.236345,-1.415593,-1.286547,-1.120217,-1.405606,-1.296235,-1.115949,0.003400,127.855662,114.586593,102.464519,-1.301827,-1.171803,-0.984571,-1.287897,-1.170162,-0.977593,0.020613
142,1777732249.261415,116.644063,98.077478,86.243736,-1.097952,-0.884681,-0.669600,-1.033065,-0.844250,-0.632159,0.047741,132.770279,123.581656,111.954644,-1.355045,-1.146291,-0.935832,-1.346593,-1.184515,-0.981222,-0.020801,127.394873,115.080264,103.384341,-1.269347,-1.059088,-0.847088,-1.242084,-1.071093,-0.864868,0.009621
143,1777732249.299096,116.644063,98.077478,86.243736,-0.954269,-0.710646,-0.525253,-0.865206,-0.660152,-0.472561,0.021289,132.770279,123.581656,111.954644,-1.214236,-1.014622,-0.782788,-1.206781,-1.064455,-0.851001,-0.043701,127.394873,115.080264,103.384341,-1.127580,-0.913297,-0.696943,-1.092923,-0.929687,-0.724854,-0.003289
144,1777732249.328296,116.644063,98.077478,86.243736,-0.634505,-0.431776,-0.277814,-0.611564,-0.422026,-0.263481,-0.024381,132.770279,123.581656,111.954644,-1.016344,-0.938387,-0.721787,-1.019392,-0.966052,-0.758494,-0.064540,127.394873,115.080264,103.384341,-0.889064,-0.769516,-0.573796,-0.883449,-0.784710,-0.593490,-0.018299
145,1777732249.352975,120.395945,100.532948,88.585469,-0.261532,-0.134250,-0.002770,-0.351788,-0.195369,-0.056154,-0.093219,133.390467,122.235516,110.262077,-0.797491,-0.899798,-0.720839,-0.818024,-0.891186,-0.706667,-0.082622,129.058960,115.001327,103.036541,-0.618838,-0.644615,-0.481483,-0.662612,-0.659247,-0.489829,-0.034749
146,1777732249.386635,120.395945,100.532948,88.585469,-0.053511,0.033802,0.164592,-0.157415,-0.035656,0.103074,-0.168401,133.390467,122.235516,110.262077,-0.606373,-0.842086,-0.700398,-0.628002,-0.822830,-0.672263,-0.097371,129.058960,115.001327,103.036541,-0.422085,-0.550123,-0.412068,-0.471140,-0.560438,-0.413817,-0.051155
147,1777732249.410597,117.666291,98.706702,87.012813,-0.057304,0.037701,0.192029,-0.079252,0.019225,0.179168,-0.225727,132.869244,122.381153,110.572007,-0.458718,-0.743884,-0.630142,-0.464261,-0.731203,-0.614393,-0.108294,127.801593,114.489669,102.718942,-0.324913,-0.483356,-0.356085,-0.335925,-0.481061,-0.349873,-0.065496
148,1777732249.437609,117.666291,98.706702,87.012813,-0.148252,-0.043663,0.150394,-0.125334,-0.037817,0.161376,-0.250000,132.869244,122.381153,110.572007,-0.337665,-0.619906,-0.529704,-0.332796,-0.601293,-0.511549,-0.115328,127.801593,114.489669,102.718942,-0.274527,-0.427825,-0.303005,-0.263642,-0.413467,-0.287241,-0.075659
149,1777732249.465202,117.650521,98.749648,87.159251,-0.269444,-0.177813,0.067066,-0.252005,-0.175845,0.070715,-0.235346,132.765447,121.649173,109.822982,-0.234796,-0.460030,-0.389742,-0.231054,-0.447086,-0.377991,-0.116070,127.727138,114.015998,102.268405,-0.246345,-0.365958,-0.237472,-0.238038,-0.356673,-0.228422,-0.079868
150,1777732249.519289,116.779548,97.684504,86.488290,-0.410182,-0.351665,-0.057219,-0.395278,-0.344440,-0.055459,-0.185468,132.790248,123.286920,111.547833,-0.151408,-0.272127,-0.216896,-0.151978,-0.293419,-0.240720,-0.104851,127.453348,114.752781,103.194652,-0.237666,-0.298640,-0.163671,-0.233078,-0.310426,-0.178966,-0.077033
151,1777732249.546260,116.779548,97.684504,86.488290,-0.536327,-0.522099,-0.200068,-0.522525,-0.507496,-0.195289,-0.114126,132.790248,123.286920,111.547833,-0.090804,-0.123911,-0.080702,-0.092524,-0.156294,-0.114756,-0.079130,127.453348,114.752781,103.194652,-0.239312,-0.256640,-0.120491,-0.235858,-0.273361,-0.141601,-0.066943
152,1777732249.585705,116.828944,97.375034,86.192593,-0.636595,-0.663084,-0.344363,-0.633853,-0.648310,-0.343986,-0.045308,132.679025,122.456335,110.610273,-0.054401,-0.036539,0.000146,-0.054307,-0.041430,-0.002044,-0.041637,127.395665,114.095902,102.471046,-0.248466,-0.245387,-0.114690,-0.247489,-0.243724,-0.116025,-0.050291
153,1777732249.603054,116.828944,97.375034,86.192593,-0.721918,-0.766697,-0.481855,-0.728408,-0.755990,-0.488328,0.003503,132.679025,122.456335,110.610273,-0.039252,0.034114,0.076949,-0.038489,0.051014,0.099429,0.002358,127.395665,114.095902,102.471046,-0.266807,-0.232823,-0.109319,-0.268462,-0.217987,-0.096490,-0.028648
154,1777732249.618501,116.828944,97.375034,86.192593,-0.799877,-0.831277,-0.610753,-0.803068,-0.829273,-0.607974,0.035146,132.679025,122.456335,110.610273,-0.044612,0.111297,0.176968,-0.045043,0.129764,0.198211,0.046352,127.395665,114.095902,102.471046,-0.296367,-0.202894,-0.085605,-0.297718,-0.189915,-0.070518,-0.004463
155,1777732249.667145,116.534431,97.676543,85.437586,-0.866641,-0.868834,-0.715813,-0.861063,-0.877150,-0.693604,0.056286,132.665211,122.666481,111.008415,-0.071656,0.191215,0.292311,-0.072543,0.204411,0.304709,0.085345,127.288284,114.336502,102.484805,-0.336651,-0.162135,-0.043730,-0.335383,-0.156110,-0.028062,0.019138
156,1777732249.731097,116.534431,97.676543,85.437586,-0.908024,-0.896579,-0.760576,-0.905471,-0.908395,-0.747096,0.068652,132.665211,122.666481,111.008415,-0.120569,0.264183,0.403844,-0.119085,0.266647,0.410918,0.110374,127.288284,114.336502,102.484805,-0.383054,-0.122738,0.015704,-0.381213,-0.125034,0.024913,0.038975
157,1777732249.760294,116.912173,97.576117,86.400327,-0.924416,-0.918319,-0.751375,-0.929838,-0.922974,-0.766697,0.074017,132.610372,123.393344,111.645201,-0.189743,0.306651,0.485270,-0.185041,0.290904,0.481435,0.107252,127.377639,114.787601,103.230243,-0.434634,-0.101672,0.073055,-0.433306,-0.113722,0.065391,0.052637
158,1777732249.796766,116.912173,97.576117,86.400327,-0.930620,-0.924266,-0.737031,-0.924202,-0.913059,-0.746367,0.074124,132.610372,123.393344,111.645201,-0.275624,0.281431,0.503278,-0.273734,0.254538,0.474701,0.070395,127.377639,114.787601,103.230243,-0.493956,-0.120468,0.089842,-0.490557,-0.134661,0.067678,0.059017
159,1777732249.846293,116.617102,97.450708,85.622685,-0.920858,-0.900867,-0.718864,-0.894035,-0.875761,-0.693792,0.070598,132.905495,123.241254,112.308127,-0.382589,0.174247,0.423414,-0.389921,0.153052,0.373204,0.004088,127.476031,114.644405,103.412980,-0.562012,-0.184124,0.042654,-0.557959,-0.189886,0.017539,0.058407
160,1777732249.871593,116.617102,97.450708,85.622685,-0.868874,-0.831069,-0.650714,-0.858896,-0.818952,-0.629693,0.064847,132.905495,123.241254,112.308127,-0.522532,-0.005866,0.210750,-0.536020,-0.003610,0.185896,-0.082209,127.476031,114.644405,103.412980,-0.637979,-0.280933,-0.076405,-0.643645,-0.275391,-0.085967,0.052184
161,1777732249.908759,118.703182,98.965080,87.451563,-0.807118,-0.737615,-0.551852,-0.841613,-0.759342,-0.571953,0.057986,132.954582,121.983229,109.888461,-0.698864,-0.220507,-0.089070,-0.710328,-0.198327,-0.061633,-0.173594,128.204115,114.310513,102.409495,-0.734949,-0.392876,-0.243330,-0.754090,-0.385332,-0.231739,0.042210
162,1777732249.934659,118.043931,98.824134,87.054632,-0.809278,-0.679186,-0.496609,-0.855667,-0.712162,-0.531386,0.050792,132.662829,122.825262,110.712369,-0.898410,-0.423724,-0.371209,-0.902916,-0.413031,-0.336893,-0.252032,127.789863,114.824886,102.826457,-0.868699,-0.508878,-0.413009,-0.887166,-0.512741,-0.401724,0.030187
163,1777732249.958677,118.043931,98.824134,87.054632,-0.873990,-0.668341,-0.499028,-0.893286,-0.680459,-0.515492,0.043720,132.662829,122.825262,110.712369,-1.096092,-0.623016,-0.614338,-1.092422,-0.635760,-0.611154,-0.299231,127.789863,114.824886,102.826457,-1.022058,-0.638124,-0.575901,-1.026043,-0.650660,-0.579266,0.017335
164,1777732249.990303,118.043931,98.824134,87.054632,-0.958785,-0.678716,-0.533200,-0.935278,-0.662811,-0.527240,0.036979,132.662829,122.825262,110.712369,-1.269730,-0.835071,-0.837621,-1.258427,-0.857488,-0.860081,-0.306811,127.789863,114.824886,102.826457,-1.166081,-0.782952,-0.736147,-1.150710,-0.792596,-0.749134,0.004531
165,1777732250.078276,116.456927,98.166255,86.495199,-0.993596,-0.667673,-0.566471,-0.954984,-0.652996,-0.554155,0.030634,132.246983,122.804621,111.120356,-1.390333,-1.051758,-1.047632,-1.388558,-1.067932,-1.069696,-0.277693,126.983631,114.591832,102.911970,-1.258087,-0.923729,-0.887245,-1.244033,-0.929620,-0.897849,-0.007407
166,1777732250.115375,118.754717,99.778795,87.311602,-0.924104,-0.615041,-0.570809,-0.924189,-0.634249,-0.573252,0.024722,133.330445,122.151340,109.989568,-1.442442,-1.244358,-1.229474,-1.466414,-1.243797,-1.225835,-0.211210,128.471869,114.693825,102.430246,-1.269663,-1.034585,-1.009919,-1.285673,-1.040615,-1.008307,-0.017572
167,1777732250.136028,118.754717,99.778795,87.311602,-0.794439,-0.557440,-0.552070,-0.816653,-0.579476,-0.560793,0.019259,133.330445,122.151340,109.989568,-1.445402,-1.364426,-1.325309,-1.458307,-1.342118,-1.296569,-0.101312,128.471869,114.693825,102.430246,-1.228415,-1.095431,-1.067562,-1.244422,-1.087904,-1.051310,-0.025144
168,1777732250.177394,118.667471,99.100724,87.233650,-0.626004,-0.487271,-0.505832,-0.606771,-0.458467,-0.492427,0.014199,132.381639,121.811095,109.963099,-1.372584,-1.368967,-1.292426,-1.325560,-1.325345,-1.252718,0.075923,127.810250,114.240971,102.386616,-1.123724,-1.075069,-1.030228,-1.085964,-1.036386,-0.999288,-0.027996
169,1777732250.194625,118.667471,99.100724,87.233650,-0.376670,-0.336160,-0.403173,-0.301418,-0.264230,-0.360208,0.009520,132.381639,121.811095,109.963099,-1.141240,-1.220374,-1.114294,-1.058306,-1.182992,-1.087894,0.332457,127.810250,114.240971,102.386616,-0.886383,-0.925636,-0.877254,-0.806010,-0.876738,-0.845332,-0.022755
170,1777732250.263942,118.269783,99.269079,86.930020,0.004308,-0.057411,-0.208663,0.052879,-0.019171,-0.178985,0.005257,133.273341,123.281121,111.346856,-0.714207,-0.925743,-0.808911,-0.678945,-0.924764,-0.811881,0.608731,128.272155,115.277107,103.207911,-0.474702,-0.636299,-0.608828,-0.435004,-0.622900,-0.600915,-0.008537
171,1777732250.323025,122.784367,102.592566,89.480919,0.458092,0.286905,0.052846,0.398464,0.240077,0.026575,0.001458,136.561502,124.187520,111.944607,-0.186181,-0.560602,-0.444468,-0.228781,-0.573490,-0.447344,0.819014,131.969124,116.989202,104.456711,0.028576,-0.278100,-0.278697,-0.019699,-0.302301,-0.289371,0.012563
172,1777732250.365862,122.784367,102.592566,89.480919,0.797871,0.552344,0.282402,0.685665,0.471729,0.230644,-0.001852,136.561502,124.187520,111.944607,0.287005,-0.184001,-0.067150,0.231148,-0.170801,-0.039163,0.908960,131.969124,116.989202,104.456711,0.457294,0.061447,0.049367,0.382654,0.043376,0.050773,0.037533
173,1777732250.396155,122.784367,102.592566,89.480919,0.943484,0.684919,0.439364,0.888289,0.644749,0.414501,-0.004682,136.561502,124.187520,111.944607,0.658950,0.208028,0.329245,0.635710,0.226991,0.348551,0.857231,131.969124,116.989202,104.456711,0.753795,0.366992,0.365951,0.719903,0.366244,0.370534,0.063175
174,1777732250.431006,120.827091,101.547874,88.965784,0.982452,0.743808,0.562476,1.019682,0.763925,0.578128,-0.007078,137.278184,126.594633,114.892267,0.950507,0.581199,0.690296,0.947118,0.560845,0.647590,0.676475,131.794486,118.245713,106.250106,0.961155,0.635402,0.647689,0.971306,0.628538,0.624436,0.086616
175,1777732250.470388,120.827091,101.547874,88.965784,1.051388,0.814070,0.702805,1.136746,0.873922,0.744690,-0.009187,137.278184,126.594633,114.892267,1.163327,0.838910,0.885253,1.168234,0.781054,0.802093,0.414102,131.794486,118.245713,106.250106,1.126014,0.830630,0.824437,1.157738,0.812010,0.782959,0.105887
176,1777732250.503203,121.622078,101.875810,89.393129,1.211742,0.942393,0.884678,1.287913,1.007414,0.930425,-0.011272,137.668704,127.245713,114.693315,1.305559,0.930027,0.865291,1.316193,0.864809,0.793434,0.153248,132.319829,118.789078,106.259920,1.274287,0.934149,0.871753,1.306766,0.912344,0.839098,0.121403
177,1777732250.551418,121.622078,101.875810,89.393129,1.448221,1.135836,1.104633,1.459632,1.145153,1.115660,-0.013575,137.668704,127.245713,114.693315,1.390873,0.849010,0.663819,1.392826,0.823132,0.649887,-0.043802,132.319829,118.789078,106.259920,1.409989,0.944619,0.810757,1.415095,0.930472,0.805145,0.134685
178,1777732250.585349,125.030241,105.061950,91.741045,1.672093,1.322963,1.305636,1.596800,1.247561,1.259905,-0.016254,138.690955,125.226458,112.106678,1.412983,0.659215,0.376316,1.394621,0.696615,0.434928,-0.184731,134.137384,118.504955,105.318134,1.499353,0.880464,0.686090,1.462014,0.880263,0.709920,0.144650
179,1777732250.623108,125.030241,105.061950,91.741045,1.722197,1.354648,1.377477,1.643657,1.286610,1.325062,-0.019391,138.690955,125.226458,112.106678,1.345459,0.491839,0.159040,1.325715,0.540780,0.222919,-0.290776,134.137384,118.504955,105.318134,1.471038,0.779442,0.565186,1.431695,0.789390,0.590300,0.148235
180,1777732250.641730,123.026103,102.585189,90.632856,1.574060,1.225822,1.296724,1.565496,1.244437,1.284983,-0.022968,138.237862,126.335940,113.608179,1.196429,0.394608,0.060132,1.195432,0.405936,0.071806,-0.365703,133.167276,118.419023,105.949738,1.322306,0.671680,0.472330,1.318787,0.685436,0.476199,0.142244
181,1777732250.669257,123.026103,102.585189,90.632856,1.340229,1.075466,1.126953,1.358267,1.115982,1.132778,-0.026867,138.237862,126.335940,113.608179,1.008659,0.331386,0.019404,1.018653,0.326045,0.012243,-0.413350,133.167276,118.419023,105.949738,1.119182,0.579412,0.388587,1.131858,0.589357,0.385755,0.123553
182,1777732250.686486,123.278992,103.917104,90.628059,1.071081,0.940396,0.900369,1.061463,0.926965,0.891837,-0.031365,138.248682,126.185030,113.351367,0.809297,0.296249,0.020437,0.816879,0.307610,0.037500,-0.437881,133.258786,118.762388,105.776931,0.896559,0.510965,0.313748,0.898407,0.514062,0.322279,0.089724
183,1777732250.705294,123.278992,103.917104,90.628059,0.754622,0.755050,0.617754,0.742769,0.723805,0.607677,-0.034545,138.248682,126.185030,113.351367,0.610004,0.313855,0.091087,0.613048,0.334936,0.112381,-0.443751,133.258786,118.762388,105.776931,0.658210,0.460920,0.266643,0.656288,0.464559,0.277480,0.039745
184,1777732250.731345,121.504506,102.364686,89.415798,0.428000,0.525612,0.308769,0.450433,0.533074,0.319677,-0.031066,138.214733,127.073182,114.839753,0.420537,0.379877,0.212736,0.421971,0.390472,0.206192,-0.435259,132.644657,118.837017,106.365101,0.423025,0.428455,0.244747,0.431458,0.438006,0.244021,-0.025137
185,1777732250.787703,121.504506,102.364686,89.415798,0.177906,0.330583,0.032378,0.212809,0.363483,0.055888,-0.018119,138.214733,127.073182,114.839753,0.249297,0.461032,0.320421,0.251216,0.452034,0.293741,-0.415672,132.644657,118.837017,106.365101,0.225500,0.417549,0.224407,0.238414,0.422517,0.214457,-0.100482
186,1777732250.873275,121.872428,102.369273,89.136351,0.032646,0.205683,-0.178317,0.058843,0.233588,-0.158367,0.002159,138.151318,127.966180,115.145046,0.103466,0.522156,0.379121,0.107531,0.488202,0.345251,-0.386350,132.725021,119.433877,106.475481,0.079860,0.416665,0.193309,0.091302,0.403330,0.177378,-0.177998
187,1777732250.934177,121.472154,102.512483,89.241975,-0.027215,0.140134,-0.318465,-0.001031,0.156131,-0.306539,0.025179,138.129247,127.949825,115.140997,-0.009930,0.527071,0.384203,-0.003777,0.484262,0.352068,-0.346693,132.576883,119.470711,106.507990,-0.015692,0.398092,0.149980,-0.002862,0.374885,0.132533,-0.246376
188,1777732250.968686,121.472154,102.512483,89.241975,-0.003301,0.117542,-0.393966,0.007729,0.113481,-0.390000,0.045434,138.129247,127.949825,115.140997,-0.086018,0.462236,0.338713,-0.080889,0.456214,0.341845,-0.295261,132.576883,119.470711,106.507990,-0.058445,0.347338,0.094486,-0.051349,0.341970,0.097897,-0.294174
189,1777732251.013174,122.803944,103.313662,89.494964,0.065970,0.103252,-0.421886,0.042039,0.075331,-0.424011,0.057944,138.311665,126.308570,113.562072,-0.127577,0.378407,0.293713,-0.125430,0.428541,0.350334,-0.231280,133.142425,118.643600,105.539703,-0.063062,0.286688,0.055180,-0.069607,0.310804,0.092219,-0.313422
190,1777732251.043693,122.803944,103.313662,89.494964,0.096651,0.045057,-0.422617,0.066325,0.023145,-0.426340,0.059674,138.311665,126.308570,113.562072,-0.143067,0.366813,0.339501,-0.142246,0.417083,0.394724,-0.155554,133.142425,118.643600,105.539703,-0.063161,0.259561,0.085462,-0.072723,0.285770,0.121036,-0.302266
191,1777732251.069728,122.074897,102.280247,89.587654,0.058402,-0.061489,-0.411420,0.053798,-0.051615,-0.412508,0.052876,138.472134,128.070816,115.604398,-0.140458,0.428135,0.470142,-0.139556,0.424424,0.467711,-0.070489,133.006388,119.473960,106.932150,-0.074171,0.264927,0.176288,-0.075105,0.265744,0.174305,-0.263143
192,1777732251.120745,122.074897,102.280247,89.587654,-0.024974,-0.172763,-0.398095,-0.016842,-0.153378,-0.395796,0.044231,138.472134,128.070816,115.604398,-0.127007,0.472531,0.583424,-0.127488,0.436049,0.541514,0.020568,133.006388,119.473960,106.932150,-0.092996,0.257433,0.256251,-0.090606,0.239574,0.229077,-0.200872
193,1777732251.150753,122.238957,102.732099,89.764883,-0.151911,-0.283023,-0.393110,-0.158280,-0.285297,-0.392704,0.038138,138.725230,127.960622,115.793744,-0.112055,0.457087,0.623415,-0.116494,0.426884,0.582356,0.114472,133.229806,119.551115,107.117457,-0.125340,0.210384,0.284573,-0.130423,0.189490,0.257336,-0.124852
194,1777732251.169041,122.238957,102.732099,89.764883,-0.342793,-0.424117,-0.407430,-0.374533,-0.451032,-0.422336,0.035773,138.725230,127.960622,115.793744,-0.106881,0.386573,0.581231,-0.115632,0.378169,0.568516,0.212728,133.229806,119.551115,107.117457,-0.185518,0.116343,0.251677,-0.201932,0.101769,0.238232,-0.046868
195,1777732251.197318,122.031681,102.623768,90.250915,-0.606506,-0.611752,-0.458070,-0.654792,-0.648948,-0.492824,0.037247,138.805328,127.161371,114.653186,-0.117681,0.282943,0.481623,-0.128458,0.295473,0.502246,0.307528,133.214113,118.982170,106.519096,-0.280623,-0.015288,0.168392,-0.303902,-0.019334,0.170556,0.023322
196,1777732251.215984,122.031681,102.623768,90.250915,-0.939529,-0.844621,-0.567676,-0.965902,-0.863626,-0.594777,0.041731,138.805328,127.161371,114.653186,-0.145452,0.185139,0.382601,-0.151284,0.201918,0.401765,0.369915,133.214113,118.982170,106.519096,-0.410144,-0.158114,0.065842,-0.422823,-0.153263,0.069584,0.078678
197,1777732251.248242,119.594787,100.967764,88.919204,-1.277196,-1.078321,-0.709132,-1.249137,-1.059112,-0.701508,0.047940,138.442124,127.262861,115.249285,-0.178980,0.107730,0.295661,-0.173360,0.115773,0.288491,0.377681,132.159679,118.497829,106.472592,-0.545052,-0.287620,-0.039270,-0.531953,-0.275855,-0.041509,0.114530
198,1777732251.266222,119.594787,100.967764,88.919204,-1.493832,-1.225423,-0.805725,-1.434035,-1.188034,-0.774967,0.054456,138.442124,127.262861,115.249285,-0.194971,0.040976,0.185909,-0.180611,0.044441,0.181486,0.330661,132.159679,118.497829,106.472592,-0.627925,-0.381157,-0.144635,-0.598419,-0.366384,-0.137332,0.128831
199,1777732251.330257,119.572656,101.073219,88.847789,-1.523674,-1.241614,-0.811460,-1.466762,-1.210169,-0.777073,0.059819,138.518339,127.228326,114.344236,-0.181138,-0.022001,0.056457,-0.165296,-0.017970,0.080707,0.241566,132.203111,118.509957,105.845421,-0.628650,-0.428538,-0.232849,-0.599118,-0.415370,-0.205220,0.124469
200,1777732251.391476,119.572656,101.073219,88.847789,-1.361470,-1.126092,-0.711683,-1.325729,-1.102681,-0.683254,0.062616,138.518339,127.228326,114.344236,-0.136407,-0.084810,-0.051241,-0.130606,-0.090235,-0.037788,0.131842,132.203111,118.509957,105.845421,-0.544762,-0.431904,-0.271388,-0.528980,-0.427717,-0.252943,0.107956
201,1777732251.446522,121.299071,101.898479,89.827936,-1.045331,-0.894720,-0.517998,-1.034932,-0.874679,-0.501918,0.061429,139.242061,127.571372,115.586218,-0.076345,-0.160699,-0.151650,-0.088182,-0.187592,-0.194572,0.028147,133.261064,119.013741,107.000124,-0.399340,-0.405373,-0.273766,-0.403765,-0.416621,-0.297020,0.084133
202,1777732251.492716,121.299071,101.898479,89.827936,-0.656529,-0.580123,-0.268400,-0.661024,-0.568492,-0.271419,0.054554,139.242061,127.571372,115.586218,-0.032991,-0.272032,-0.314449,-0.050876,-0.304509,-0.380488,-0.042762,133.261064,119.013741,107.000124,-0.240837,-0.374729,-0.299100,-0.254258,-0.392503,-0.344132,0.056391
203,1777732251.532092,122.460633,103.197617,91.276919,-0.259420,-0.225527,-0.012193,-0.281579,-0.237813,-0.036585,0.040039,139.207234,126.993239,114.659661,-0.018225,-0.416102,-0.551606,-0.025498,-0.416641,-0.563257,-0.074666,133.625033,119.061365,106.865414,-0.098623,-0.352577,-0.371802,-0.110858,-0.357032,-0.387700,0.028404
204,1777732251.584780,123.430507,103.992716,91.293998,0.073517,0.094514,0.189686,0.033847,0.063577,0.163698,0.015918,138.988883,125.848567,112.659009,-0.018048,-0.535321,-0.765031,-0.012314,-0.494910,-0.703076,-0.085631,133.802758,118.563283,105.537338,0.012474,-0.325376,-0.446792,0.003073,-0.308748,-0.414152,0.003196
205,1777732251.622178,123.430507,103.992716,91.293998,0.277087,0.320011,0.314355,0.236724,0.289666,0.303876,-0.019655,138.988883,125.848567,112.659009,-0.013361,-0.556484,-0.827427,-0.005420,-0.514900,-0.756363,-0.088123,133.802758,118.563283,105.537338,0.083455,-0.264319,-0.446833,0.075295,-0.246711,-0.402950,-0.016564
206,1777732251.670654,123.466307,104.318485,91.469286,0.342515,0.438147,0.373087,0.311061,0.412935,0.370927,-0.068309,139.228739,126.835207,114.023542,0.002222,-0.476191,-0.722283,0.004643,-0.465473,-0.695299,-0.083005,133.974595,119.329633,106.505457,0.115653,-0.171412,-0.357160,0.106782,-0.172670,-0.339890,-0.028195
207,1777732251.701265,123.466307,104.318485,91.469286,0.286978,0.449280,0.373310,0.270164,0.430008,0.363117,-0.134853,139.228739,126.835207,114.023542,0.023113,-0.345958,-0.520149,0.023503,-0.356851,-0.531471,-0.069614,133.974595,119.329633,106.505457,0.111068,-0.080879,-0.222330,0.105723,-0.094565,-0.233275,-0.030268
208,1777732251.736253,122.591148,103.858987,91.777699,0.152396,0.374612,0.318875,0.157327,0.366532,0.297846,-0.217128,139.324536,127.311339,115.103047,0.047309,-0.203441,-0.283600,0.049327,-0.218183,-0.311971,-0.047584,133.746740,119.493888,107.327931,0.082338,-0.010757,-0.082775,0.085327,-0.023278,-0.108699,-0.023098
209,1777732251.752884,122.591148,103.858987,91.777699,0.004741,0.255700,0.209974,0.031118,0.264687,0.204033,-0.297819,139.324536,127.311339,115.103047,0.076355,-0.072120,-0.066650,0.076259,-0.081881,-0.090893,-0.018337,133.746740,119.493888,107.327931,0.052483,0.037153,0.025558,0.061212,0.033642,0.007415,-0.008018
210,1777732251.792001,122.194212,103.216343,90.755143,-0.102616,0.138348,0.081010,-0.064464,0.164821,0.107224,-0.362288,139.621619,127.367872,114.998289,0.106335,0.036329,0.108644,0.100882,0.033549,0.101892,0.015444,133.812484,119.317362,106.917240,0.036685,0.070335,0.099433,0.045767,0.077306,0.103669,0.013024
211,1777732251.809832,122.194212,103.216343,90.755143,-0.129489,0.072077,0.000273,-0.108395,0.098276,0.026692,-0.403508,139.621619,127.367872,114.998289,0.127846,0.121788,0.251845,0.123537,0.122647,0.260401,0.049892,133.812484,119.317362,106.917240,0.042068,0.105218,0.167988,0.046226,0.114523,0.182498,0.037663
212,1777732251.856908,123.540928,103.889062,91.748475,-0.081897,0.070944,-0.017158,-0.094439,0.081133,-0.020117,-0.417020,139.498860,127.520528,115.091968,0.142069,0.182024,0.367687,0.145115,0.180862,0.380048,0.079987,134.179549,119.643373,107.310804,0.067413,0.144998,0.239406,0.065264,0.147619,0.246660,0.063269
213,1777732251.875721,123.540928,103.889062,91.748475,-0.011834,0.113493,-0.009432,-0.025400,0.113117,-0.019303,-0.403729,139.498860,127.520528,115.091968,0.160660,0.212410,0.455436,0.166314,0.203116,0.451340,0.099796,134.179549,119.643373,107.310804,0.103162,0.179438,0.300480,0.102409,0.173117,0.294459,0.087809
214,1777732251.920952,123.203745,104.330329,91.429316,0.071863,0.183019,0.018597,0.087115,0.181728,0.028929,-0.369987,139.707190,127.678864,115.870647,0.186131,0.208128,0.495947,0.187260,0.188938,0.462861,0.104491,134.206042,119.896019,107.723536,0.148041,0.199759,0.336831,0.153879,0.186535,0.318217,0.109977
215,1777732251.981241,123.203745,104.330329,91.429316,0.203436,0.267768,0.095450,0.227178,0.269191,0.114197,-0.326573,139.707190,127.678864,115.870647,0.211716,0.164155,0.451748,0.208668,0.148946,0.413612,0.091793,134.206042,119.896019,107.723536,0.208956,0.198693,0.332982,0.214838,0.189027,0.313807,0.127896
216,1777732252.032119,124.468553,104.761149,92.247713,0.374609,0.355235,0.219258,0.381336,0.359826,0.228290,-0.274777,139.811018,126.883399,114.742836,0.232640,0.100078,0.334365,0.231881,0.107397,0.327365,0.061246,134.696863,119.509316,107.244462,0.279963,0.185131,0.295996,0.281699,0.191540,0.294340,0.139202
217,1777732252.082825,124.468553,104.761149,92.247713,0.534271,0.432121,0.357517,0.528778,0.435316,0.359638,-0.202978,139.811018,126.883399,114.742836,0.246113,0.059839,0.204251,0.253744,0.091609,0.240085,0.015410,134.696863,119.509316,107.244462,0.342165,0.183933,0.255340,0.345422,0.206178,0.279936,0.141977
218,1777732252.131450,124.868444,105.160111,92.620047,0.652399,0.484830,0.488062,0.633521,0.472876,0.483868,-0.103776,139.493412,126.208169,113.108943,0.259475,0.083395,0.133891,0.266809,0.119938,0.184357,-0.039035,134.618423,119.192149,106.279311,0.390450,0.217206,0.251948,0.389046,0.237584,0.284194,0.135026
219,1777732252.191878,125.621355,105.644797,93.214408,0.700729,0.487007,0.583733,0.663489,0.457549,0.568579,0.028254,140.207922,127.371294,114.838850,0.271600,0.176090,0.162228,0.263315,0.190153,0.180290,-0.092817,135.345733,120.129129,107.630703,0.414643,0.279729,0.302730,0.396706,0.279285,0.309720,0.117923
220,1777732252.229170,125.621355,105.644797,93.214408,0.640952,0.409346,0.610562,0.611141,0.388349,0.588008,0.220530,140.207922,127.371294,114.838850,0.253851,0.294169,0.239033,0.236940,0.276617,0.223969,-0.136460,135.345733,120.129129,107.630703,0.382885,0.332561,0.362876,0.361674,0.313861,0.345315,0.090816
221,1777732252.268966,124.553696,104.722514,93.263583,0.491567,0.268883,0.557468,0.492601,0.275058,0.533000,0.484757,139.875937,128.097019,114.959514,0.195964,0.386549,0.311789,0.186026,0.348179,0.291872,-0.162845,134.768523,120.305517,107.727537,0.294498,0.347327,0.393682,0.288217,0.323805,0.372248,0.054141
222,1777732252.310579,124.553696,104.722514,93.263583,0.317427,0.118665,0.426806,0.336037,0.135116,0.410919,0.755881,139.875937,128.097019,114.959514,0.114505,0.412841,0.368575,0.114750,0.384900,0.355740,-0.169139,134.768523,120.305517,107.727537,0.182146,0.314782,0.387986,0.188512,0.301639,0.374133,0.008335
223,1777732252.349737,124.376507,104.825082,92.353100,0.159147,-0.015440,0.245191,0.177436,-0.007982,0.248975,0.944835,139.486152,126.953161,114.685891,0.027295,0.380727,0.406781,0.035029,0.386892,0.403473,-0.157151,134.449604,119.577134,107.241627,0.071246,0.248671,0.352917,0.082498,0.255267,0.351973,-0.046377
224,1777732252.367652,124.376507,104.825082,92.353100,0.032894,-0.134727,0.063410,0.050303,-0.132484,0.086837,1.000000,139.486152,126.953161,114.685891,-0.046666,0.345687,0.432951,-0.035969,0.372417,0.445330,-0.131856,134.449604,119.577134,107.241627,-0.020146,0.185549,0.309770,-0.007211,0.204117,0.325832,-0.110213
225,1777732252.400654,124.478416,104.720269,91.871212,-0.053633,-0.235412,-0.079697,-0.040286,-0.233157,-0.047625,0.906601,139.442111,126.876153,114.185524,-0.097663,0.334380,0.458189,-0.089134,0.358366,0.485421,-0.099318,134.454213,119.490858,106.747420,-0.082986,0.144449,0.278894,-0.072851,0.161191,0.307739,-0.190670
226,1777732252.419284,124.478416,104.720269,91.871212,-0.100893,-0.308267,-0.157386,-0.114181,-0.316992,-0.146092,0.686174,139.442111,126.876153,114.185524,-0.125192,0.344200,0.497821,-0.126162,0.348407,0.509690,-0.065881,134.454213,119.490858,106.747420,-0.117092,0.126711,0.279419,-0.122169,0.126607,0.291096,-0.284745
227,1777732252.466455,125.405731,105.026245,92.928500,-0.131222,-0.354345,-0.183620,-0.177149,-0.376399,-0.207943,0.396173,139.731264,127.503421,115.256924,-0.137458,0.352709,0.524695,-0.149277,0.333332,0.498423,-0.033166,134.956087,120.011029,107.814116,-0.135380,0.117024,0.288590,-0.158568,0.096755,0.262968,-0.356046
228,1777732252.485031,125.405731,105.026245,92.928500,-0.188179,-0.384678,-0.212478,-0.210215,-0.386013,-0.233065,0.127948,139.731264,127.503421,115.256924,-0.151095,0.318074,0.469611,-0.157477,0.298304,0.433785,0.003982,134.956087,120.011029,107.814116,-0.163456,0.083823,0.242248,-0.175056,0.070198,0.211501,-0.366656
229,1777732252.530821,123.289119,103.756703,91.834019,-0.235932,-0.368762,-0.241921,-0.188922,-0.325515,-0.223398,-0.056476,139.188498,126.724503,114.198192,-0.160783,0.234242,0.317959,-0.149819,0.232956,0.304712,0.047844,133.888705,119.068570,106.743467,-0.185832,0.033240,0.131333,-0.162854,0.046799,0.128676,-0.304357
230,1777732252.586925,123.289119,103.756703,91.834019,-0.159815,-0.235094,-0.213731,-0.093728,-0.188142,-0.184212,-0.172823,139.188498,126.724503,114.198192,-0.139310,0.131198,0.110242,-0.125466,0.136496,0.113080,0.093968,133.888705,119.068570,106.743467,-0.146145,0.009101,0.002251,-0.114887,0.028283,0.013983,-0.178586
231,1777732252.653487,124.979458,105.473922,92.770979,0.055117,0.009842,-0.122283,0.082079,0.019190,-0.119744,-0.249270,139.668643,126.643857,113.568099,-0.085848,0.020490,-0.124067,-0.082556,0.021449,-0.118337,0.134825,134.772248,119.587212,106.635726,-0.038860,0.016940,-0.123472,-0.027677,0.020696,-0.118806,-0.017403
232,1777732252.692006,124.979458,105.473922,92.770979,0.323476,0.281209,-0.014774,0.317777,0.269638,-0.032086,-0.293638,139.668643,126.643857,113.568099,-0.026051,-0.104634,-0.366366,-0.025403,-0.098810,-0.358124,0.161683,134.772248,119.587212,106.635726,0.090458,0.023980,-0.249169,0.088990,0.024006,-0.249445,0.138139
233,1777732252.739410,125.791398,105.833676,93.053582,0.581124,0.528497,0.078550,0.557576,0.514921,0.068629,-0.312774,139.486475,125.787236,112.805241,0.031659,-0.230726,-0.593999,0.030511,-0.224107,-0.587331,0.166531,134.921449,119.136049,106.221355,0.214814,0.022349,-0.369816,0.206199,0.022235,-0.368678,0.241766
234,1777732252.798979,126.428362,106.504110,92.665884,0.769146,0.718330,0.154620,0.730325,0.696923,0.161849,-0.312192,140.101672,126.578595,113.117224,0.080215,-0.344318,-0.787858,0.067053,-0.356839,-0.793304,0.144412,135.543902,119.887100,106.300111,0.309859,0.009898,-0.473698,0.288144,-0.005585,-0.474920,0.273310
235,1777732252.839537,126.428362,106.504110,92.665884,0.832432,0.808577,0.227687,0.789700,0.775260,0.231972,-0.295917,140.101672,126.578595,113.117224,0.092108,-0.473746,-0.954971,0.074929,-0.490904,-0.960133,0.099119,135.543902,119.887100,106.300111,0.338883,-0.046305,-0.560752,0.313186,-0.068849,-0.562765,0.253952
236,1777732252.879316,125.890237,106.479734,93.310355,0.766773,0.783669,0.292195,0.733566,0.745612,0.275783,-0.267619,139.673964,125.561031,112.244294,0.062462,-0.621205,-1.089115,0.056316,-0.614932,-1.072578,0.042128,135.079389,119.200599,105.932981,0.297232,-0.152913,-0.628678,0.282066,-0.161417,-0.623125,0.208970
237,1777732252.920410,125.890237,106.479734,93.310355,0.597824,0.645336,0.315356,0.592324,0.630203,0.295996,-0.231562,139.673964,125.561031,112.244294,0.013779,-0.740170,-1.150681,0.019637,-0.719193,-1.121791,-0.017546,135.079389,119.200599,105.932981,0.208461,-0.278335,-0.662002,0.210533,-0.269395,-0.649195,0.152428
238,1777732252.941623,124.127569,104.709190,92.593805,0.382074,0.439717,0.299187,0.416727,0.467402,0.301356,-0.191318,139.394147,125.717893,112.763378,-0.035072,-0.812607,-1.133331,-0.023161,-0.800268,-1.117095,-0.074179,134.305288,118.714992,106.040187,0.103977,-0.395166,-0.655825,0.123468,-0.377711,-0.644278,0.095364
239,1777732252.959750,124.127569,104.709190,92.593805,0.206270,0.256892,0.280380,0.258916,0.300423,0.305251,-0.150578,139.394147,125.717893,112.763378,-0.069076,-0.848908,-1.063898,-0.059707,-0.859030,-1.083113,-0.121960,134.305288,118.714992,106.040187,0.022706,-0.480308,-0.615805,0.046501,-0.472546,-0.620325,0.044139
240,1777732252.992595,124.408508,105.002622,92.421474,0.102276,0.131684,0.280553,0.137731,0.155662,0.310596,-0.113941,139.633564,126.226779,113.936265,-0.086764,-0.866232,-0.982884,-0.086339,-0.893733,-1.034691,-0.155577,134.558545,119.152060,106.764668,-0.023750,-0.533593,-0.561738,-0.011649,-0.543935,-0.586262,0.001861
241,1777732253.012368,124.408508,105.002622,92.421474,0.047059,0.043609,0.305855,0.034747,0.036322,0.304567,-0.084038,139.633564,126.226779,113.936265,-0.100116,-0.888007,-0.943850,-0.107923,-0.896412,-0.967025,-0.170353,134.558545,119.152060,106.764668,-0.051058,-0.577469,-0.527282,-0.060366,-0.585501,-0.543161,-0.029861
242,1777732253.079671,125.773817,105.574556,93.747041,-0.011752,-0.036282,0.322298,-0.074844,-0.067377,0.274850,-0.060796,139.708199,125.099155,112.037870,-0.116640,-0.892188,-0.916726,-0.127376,-0.860181,-0.870825,-0.162563,135.063405,118.590955,105.940927,-0.081677,-0.606886,-0.503718,-0.109865,-0.595913,-0.488934,-0.050372
243,1777732253.098234,125.773817,105.574556,93.747041,-0.154527,-0.144439,0.256388,-0.201697,-0.165505,0.220640,-0.042809,139.708199,125.099155,112.037870,-0.139157,-0.811652,-0.788601,-0.142014,-0.784596,-0.741701,-0.120402,135.063405,118.590955,105.940927,-0.144280,-0.589248,-0.440271,-0.161908,-0.578232,-0.420921,-0.060016
244,1777732253.137550,123.252287,104.340480,91.687536,-0.359780,-0.270100,0.122283,-0.337308,-0.258364,0.147266,-0.027853,139.276680,126.717309,114.349473,-0.156896,-0.648380,-0.553601,-0.145662,-0.664442,-0.568957,-0.032803,133.935216,119.258366,106.795494,-0.224524,-0.522287,-0.328306,-0.209544,-0.529083,-0.330216,-0.058634
245,1777732253.206986,123.252287,104.340480,91.687536,-0.504091,-0.355114,0.021739,-0.457598,-0.336679,0.061899,-0.013365,139.276680,126.717309,114.349473,-0.145641,-0.473720,-0.313499,-0.133214,-0.492323,-0.342340,0.083577,133.935216,119.258366,106.795494,-0.265125,-0.434185,-0.201753,-0.241342,-0.440442,-0.207594,-0.045701
246,1777732253.260612,123.876101,104.705079,92.622578,-0.544923,-0.382317,-0.021724,-0.529497,-0.383978,-0.021215,0.002892,139.669900,126.017642,113.616973,-0.102427,-0.297180,-0.089764,-0.104192,-0.280166,-0.080093,0.195762,134.405300,118.913455,106.618841,-0.249926,-0.325559,-0.067084,-0.245960,-0.314770,-0.060467,-0.023765
247,1777732253.300981,123.876101,104.705079,92.622578,-0.520990,-0.375584,-0.062941,-0.519996,-0.377389,-0.083141,0.021142,139.669900,126.017642,113.616973,-0.045647,-0.066881,0.176000,-0.056516,-0.049291,0.189481,0.277001,134.405300,118.913455,106.618841,-0.204095,-0.169782,0.096353,-0.211010,-0.158657,0.098607,0.001849
248,1777732253.335347,123.556675,104.049085,92.192510,-0.446071,-0.331811,-0.121590,-0.422658,-0.303405,-0.120291,0.039517,139.849870,127.891821,115.629440,0.011891,0.202794,0.470991,0.013455,0.193646,0.464247,0.310235,134.418805,119.944243,107.817130,-0.140763,0.024592,0.273464,-0.131916,0.027962,0.269401,0.025560
249,1777732253.410590,123.831182,104.267414,91.897290,-0.315865,-0.226635,-0.174016,-0.276036,-0.179160,-0.149929,0.055969,139.329342,127.138156,114.498045,0.076411,0.450035,0.739600,0.099982,0.446191,0.750177,0.290356,134.163288,119.514575,106.964460,-0.054348,0.224478,0.435062,-0.025357,0.237740,0.450141,0.042372
250,1777732253.454803,123.831182,104.267414,91.897290,-0.140858,-0.058250,-0.199707,-0.138691,-0.044905,-0.188663,0.068093,139.329342,127.138156,114.498045,0.171971,0.680367,1.005903,0.189183,0.690566,1.030365,0.226567,134.163288,119.514575,106.964460,0.067695,0.434161,0.604033,0.079892,0.445409,0.624022,0.048512
251,1777732253.506781,126.224700,106.541023,92.864208,0.005948,0.104881,-0.221612,-0.062307,0.052573,-0.246411,0.073075,140.559453,128.157691,116.128870,0.281259,0.900578,1.271946,0.264627,0.898664,1.267857,0.146731,135.781202,120.952135,108.373983,0.189489,0.635346,0.774094,0.155649,0.616633,0.763101,0.042165
252,1777732253.543304,126.224700,106.541023,92.864208,-0.001834,0.141744,-0.294484,-0.084425,0.068380,-0.334161,0.068944,140.559453,128.157691,116.128870,0.340975,1.069483,1.464913,0.308951,1.051708,1.430038,0.077567,135.781202,120.952135,108.373983,0.226705,0.760237,0.878447,0.177826,0.723932,0.841971,0.024970
253,1777732253.561702,124.339197,105.341467,92.110228,-0.177197,0.023005,-0.426868,-0.211695,-0.019427,-0.453108,0.055190,140.154285,128.378462,116.428315,0.329898,1.164155,1.543017,0.310576,1.145636,1.503755,0.020376,134.882589,120.699464,108.322286,0.160866,0.783772,0.886389,0.136485,0.757281,0.851467,0.000648
254,1777732253.579130,124.339197,105.341467,92.110228,-0.419432,-0.188500,-0.580643,-0.409307,-0.193393,-0.583014,0.032985,140.154285,128.378462,116.428315,0.269119,1.179780,1.495672,0.269792,1.180146,1.489209,-0.031821,134.882589,120.699464,108.322286,0.039602,0.723687,0.803567,0.043426,0.722300,0.798468,-0.028319
255,1777732253.600629,122.873416,103.767249,90.905660,-0.636527,-0.418393,-0.704023,-0.597881,-0.390273,-0.678301,0.004877,139.503290,127.742818,114.949607,0.185873,1.130886,1.354917,0.201780,1.152339,1.391249,-0.080609,133.959999,119.750962,106.934958,-0.088260,0.614460,0.668603,-0.064774,0.638135,0.701399,-0.059557
256,1777732253.619127,122.873416,103.767249,90.905660,-0.746227,-0.581550,-0.732095,-0.682200,-0.525782,-0.684389,-0.026934,139.503290,127.742818,114.949607,0.113192,1.050974,1.194909,0.128812,1.057438,1.215638,-0.129640,133.959999,119.750962,106.934958,-0.173281,0.506800,0.552574,-0.141525,0.529698,0.582296,-0.088569
257,1777732253.664316,122.685018,103.410589,90.957336,-0.699050,-0.624031,-0.631657,-0.622833,-0.558165,-0.577960,-0.059477,139.731026,128.680692,116.279454,0.060566,0.929460,1.012844,0.063633,0.895663,0.973959,-0.178512,134.049023,120.257324,107.838748,-0.192639,0.411630,0.464677,-0.165189,0.411054,0.456653,-0.111255
258,1777732253.682268,122.685018,103.410589,90.957336,-0.478932,-0.523618,-0.401828,-0.450091,-0.502557,-0.378279,-0.087153,139.731026,128.680692,116.279454,0.014021,0.712200,0.729619,0.007502,0.677218,0.686685,-0.214766,134.049023,120.257324,107.838748,-0.150297,0.300261,0.352470,-0.145029,0.283960,0.331697,-0.127374
259,1777732253.730972,126.070317,106.141809,93.285819,-0.162837,-0.338260,-0.100705,-0.220696,-0.393414,-0.131562,-0.105809,139.684532,126.917391,113.926839,-0.033723,0.413104,0.359237,-0.041942,0.416962,0.370217,-0.225276,135.146460,119.992197,107.046499,-0.076761,0.162649,0.205923,-0.101527,0.146837,0.202957,-0.138790
260,1777732253.784863,126.070317,106.141809,93.285819,0.080065,-0.205209,0.155017,0.007355,-0.263663,0.105666,-0.115037,139.684532,126.917391,113.926839,-0.082913,0.114655,0.009571,-0.086129,0.134801,0.038654,-0.205843,135.146460,119.992197,107.046499,-0.028587,0.008034,0.058053,-0.054968,0.001979,0.060991,-0.147008
261,1777732253.857933,124.777098,104.467657,93.060023,0.203169,-0.145963,0.315722,0.188820,-0.138403,0.288779,-0.116511,139.336298,126.655632,113.981472,-0.125877,-0.140868,-0.275245,-0.121111,-0.132432,-0.272204,-0.159420,134.483231,119.259641,107.007656,-0.016195,-0.142567,-0.078256,-0.017801,-0.134422,-0.085210,-0.152950
262,1777732253.885559,124.777098,104.467657,93.060023,0.282519,-0.066311,0.398967,0.302407,-0.029787,0.396770,-0.113031,139.336298,126.655632,113.981472,-0.146998,-0.351180,-0.514444,-0.139130,-0.340586,-0.513988,-0.094960,134.483231,119.259641,107.007656,-0.003825,-0.256224,-0.209974,0.008049,-0.236986,-0.210402,-0.156283
263,1777732253.923253,125.169407,105.455666,92.756166,0.350963,0.059572,0.424792,0.362230,0.071493,0.433810,-0.107675,139.360609,125.817160,112.737109,-0.140238,-0.499590,-0.693774,-0.133959,-0.471823,-0.665735,-0.026208,134.630208,119.029995,106.076795,0.023495,-0.313203,-0.320919,0.031437,-0.290718,-0.299220,-0.154631
264,1777732253.952596,125.169407,105.455666,92.756166,0.397146,0.188268,0.414971,0.402366,0.183591,0.419671,-0.102817,139.360609,125.817160,112.737109,-0.109192,-0.554574,-0.764905,-0.103583,-0.537131,-0.736290,0.030018,134.630208,119.029995,106.076795,0.059587,-0.306960,-0.371613,0.065066,-0.296891,-0.350970,-0.143112
265,1777732253.987473,125.127185,105.628497,92.963724,0.420049,0.297050,0.377282,0.430653,0.296780,0.371288,-0.096671,139.473403,126.824687,113.659420,-0.059721,-0.532226,-0.734959,-0.054882,-0.549944,-0.739884,0.064404,134.691330,119.759290,106.760855,0.100202,-0.255801,-0.364212,0.106963,-0.267703,-0.369494,-0.117005
266,1777732254.013765,125.127185,105.628497,92.963724,0.428834,0.383885,0.305376,0.427632,0.378223,0.300103,-0.082813,139.473403,126.824687,113.659420,0.000054,-0.495707,-0.666096,-0.002399,-0.519471,-0.691770,0.080628,134.691330,119.759290,106.760855,0.142981,-0.202509,-0.342272,0.140944,-0.220239,-0.361146,-0.074077
267,1777732254.049776,125.965355,106.328685,92.512038,0.408731,0.432519,0.209179,0.380458,0.407827,0.214651,-0.056063,139.875486,126.018681,113.428318,0.054571,-0.459811,-0.588860,0.041289,-0.455285,-0.605605,0.082477,135.238776,119.455349,106.456224,0.172624,-0.162367,-0.322847,0.154345,-0.167581,-0.332186,-0.011963
268,1777732254.082789,125.965355,106.328685,92.512038,0.321319,0.412503,0.114951,0.291328,0.385296,0.120968,-0.004402,139.875486,126.018681,113.428318,0.080938,-0.390786,-0.501783,0.069512,-0.365964,-0.487946,0.068617,135.238776,119.455349,106.456224,0.161065,-0.123023,-0.296205,0.143450,-0.115544,-0.284974,0.071094
269,1777732254.112976,124.896359,105.526424,92.671169,0.177151,0.331886,0.032403,0.176428,0.327233,0.029411,0.085570,139.447575,126.312542,112.760368,0.078016,-0.282159,-0.390150,0.080095,-0.262159,-0.348379,0.038980,134.597170,119.383836,106.063968,0.111061,-0.077478,-0.249299,0.112206,-0.065695,-0.222449,0.168561
270,1777732254.147339,124.896359,105.526424,92.671169,0.035862,0.237123,-0.045155,0.063543,0.263393,-0.046197,0.200772,139.447575,126.312542,112.760368,0.066348,-0.155133,-0.226641,0.074522,-0.161681,-0.208189,-0.000255,134.597170,119.383836,106.063968,0.056186,-0.024381,-0.166145,0.070862,-0.019989,-0.154192,0.262420
271,1777732254.165375,124.499503,104.908498,92.262449,-0.060940,0.168977,-0.110030,-0.022670,0.215126,-0.098971,0.309121,139.536657,127.345145,114.776149,0.053064,-0.049249,-0.052630,0.056197,-0.086450,-0.094548,-0.037537,134.524272,119.866263,107.271582,0.015063,0.023493,-0.071763,0.029908,0.014075,-0.096022,0.331098
272,1777732254.183547,124.499503,104.908498,92.262449,-0.090029,0.162006,-0.140019,-0.072463,0.183185,-0.129995,0.381608,139.536657,127.345145,114.776149,0.031779,-0.022020,0.022081,0.027978,-0.052714,-0.031077,-0.061798,134.524272,119.866263,107.271582,-0.008824,0.039322,-0.031952,-0.005502,0.025919,-0.064050,0.358970
273,1777732254.209281,125.789489,106.681738,92.734586,-0.072807,0.187288,-0.135919,-0.093580,0.153834,-0.140015,0.398438,139.562299,126.124091,113.402790,-0.002290,-0.071099,-0.022776,-0.009883,-0.064617,-0.033797,-0.066348,134.971363,119.643307,106.513388,-0.025796,0.015030,-0.060491,-0.037782,0.008200,-0.069203,0.340582
274,1777732254.227983,125.789489,106.681738,92.734586,-0.074733,0.153075,-0.121394,-0.103530,0.109033,-0.128622,0.353145,139.562299,126.124091,113.402790,-0.052138,-0.134430,-0.117784,-0.057451,-0.115143,-0.104788,-0.050446,134.971363,119.643307,106.513388,-0.059670,-0.038595,-0.118988,-0.072811,-0.040417,-0.112733,0.281832
275,1777732254.316443,125.179389,105.531709,92.527011,-0.111689,0.043406,-0.102330,-0.116533,0.035429,-0.098396,0.255764,139.241388,126.455936,113.293896,-0.111498,-0.189340,-0.224899,-0.109896,-0.186570,-0.218260,-0.019735,134.554055,119.481194,106.371601,-0.111561,-0.111758,-0.184043,-0.112108,-0.112571,-0.178305,0.198685
276,1777732254.353336,125.179389,105.531709,92.527011,-0.149634,-0.081421,-0.066762,-0.138072,-0.068719,-0.054603,0.137901,139.241388,126.455936,113.293896,-0.164782,-0.252789,-0.337912,-0.158377,-0.257616,-0.331919,0.014802,134.554055,119.481194,106.371601,-0.159733,-0.195666,-0.247529,-0.151609,-0.194651,-0.239480,0.111231
277,1777732254.390850,125.282590,105.488696,92.809601,-0.172437,-0.189430,-0.015308,-0.164957,-0.182574,-0.006299,0.033694,139.158194,126.139047,112.808528,-0.202232,-0.324148,-0.439949,-0.195224,-0.319839,-0.422110,0.042332,134.532993,119.255597,106.142219,-0.192301,-0.279242,-0.298402,-0.185135,-0.274084,-0.283507,0.033489
278,1777732254.427803,125.282590,105.488696,92.809601,-0.182085,-0.277185,0.038716,-0.188715,-0.272751,0.032417,-0.047477,139.158194,126.139047,112.808528,-0.219924,-0.384972,-0.503413,-0.217056,-0.379644,-0.490391,0.058418,134.532993,119.255597,106.142219,-0.207311,-0.349043,-0.322703,-0.207609,-0.344013,-0.316122,-0.030586
279,1777732254.462909,125.564831,105.145979,93.454545,-0.184801,-0.333256,0.072671,-0.198789,-0.321136,0.048146,-0.108611,139.343956,126.431324,113.509223,-0.220514,-0.431495,-0.530395,-0.224045,-0.442336,-0.544334,0.063941,134.750914,119.336209,106.824330,-0.208609,-0.398749,-0.329373,-0.215626,-0.401936,-0.346841,-0.081475
280,1777732254.500597,125.564831,105.145979,93.454545,-0.190878,-0.338139,0.054877,-0.187761,-0.326804,0.032622,-0.152526,139.343956,126.431324,113.509223,-0.213119,-0.474480,-0.552388,-0.217448,-0.497924,-0.582355,0.060984,134.750914,119.336209,106.824330,-0.205705,-0.429033,-0.349966,-0.207552,-0.440884,-0.377363,-0.120011
281,1777732254.533737,124.602564,105.690122,92.693910,-0.177817,-0.294988,-0.009341,-0.155494,-0.294147,-0.014099,-0.182516,139.331439,126.611166,113.585804,-0.201091,-0.520247,-0.582933,-0.199524,-0.525850,-0.593577,0.051636,134.421814,119.637485,106.621839,-0.193333,-0.445161,-0.391735,-0.184848,-0.448616,-0.400418,-0.147499
282,1777732254.578427,125.153406,105.417792,92.605843,-0.104964,-0.222526,-0.075436,-0.099442,-0.228142,-0.072714,-0.197966,139.075486,125.347422,112.503804,-0.175394,-0.537859,-0.589406,-0.171685,-0.505885,-0.561849,0.037046,134.434793,118.704212,105.871150,-0.151917,-0.432748,-0.418082,-0.147604,-0.413304,-0.398804,-0.165570
283,1777732254.626612,126.275740,105.952071,92.874852,-0.000085,-0.131732,-0.123017,-0.011362,-0.134695,-0.107660,-0.197455,139.566610,125.528910,112.607185,-0.132897,-0.462542,-0.510349,-0.132565,-0.422106,-0.467734,0.016912,135.136320,119.003297,106.029741,-0.088626,-0.352272,-0.381238,-0.092164,-0.326302,-0.347709,-0.175657
284,1777732254.672641,125.153259,105.621257,91.899589,0.098178,-0.031379,-0.135467,0.104633,-0.026777,-0.098226,-0.182030,139.335368,126.566137,113.445736,-0.083764,-0.288739,-0.334026,-0.083097,-0.271052,-0.304710,-0.008844,134.607998,119.584510,106.263687,-0.023117,-0.202952,-0.267839,-0.020520,-0.189627,-0.235882,-0.178959
285,1777732254.690389,125.153259,105.621257,91.899589,0.223260,0.085304,-0.066709,0.227000,0.080723,-0.052930,-0.154540,139.335368,126.566137,113.445736,-0.025799,-0.065797,-0.095617,-0.028568,-0.068522,-0.092159,-0.039146,134.607998,119.584510,106.263687,0.057221,-0.015430,-0.085981,0.056622,-0.018774,-0.079082,-0.176493
286,1777732254.735963,126.341492,106.296037,93.717366,0.377073,0.212727,0.063156,0.347315,0.188381,0.020264,-0.119264,139.674160,127.571064,115.034914,0.041290,0.162474,0.152969,0.030957,0.148312,0.127476,-0.072084,135.229937,120.479388,107.929065,0.153217,0.179225,0.123031,0.136409,0.161668,0.091739,-0.169005
287,1777732254.753819,126.341492,106.296037,93.717366,0.500616,0.318875,0.161101,0.483569,0.311058,0.129401,-0.081720,139.674160,127.571064,115.034914,0.103028,0.353228,0.340652,0.103320,0.333513,0.304171,-0.104969,135.229937,120.479388,107.929065,0.235557,0.341777,0.280802,0.230070,0.326028,0.245915,-0.157039
288,1777732254.822106,124.573698,104.970209,91.611151,0.610175,0.422864,0.235516,0.652168,0.461312,0.276932,-0.048481,139.062968,128.034132,115.130987,0.169345,0.477753,0.435502,0.193318,0.456727,0.407110,-0.134536,134.233212,120.346157,107.291042,0.316288,0.459457,0.368840,0.346268,0.458256,0.363717,-0.141117
289,1777732254.838301,124.573698,104.970209,91.611151,0.796512,0.594133,0.395654,0.852442,0.640496,0.453789,-0.023411,139.062968,128.034132,115.130987,0.274127,0.521371,0.444710,0.295957,0.506570,0.433408,-0.157435,134.233212,120.346157,107.291042,0.448255,0.545625,0.428358,0.481452,0.551212,0.440202,-0.121877
290,1777732254.900388,126.485907,106.615972,93.694069,1.051752,0.822621,0.640253,1.071070,0.835671,0.650729,-0.005239,140.287876,127.606438,114.602843,0.402553,0.492253,0.391727,0.398324,0.485898,0.400331,-0.171585,135.687220,120.609616,107.633252,0.618953,0.602376,0.474569,0.622573,0.602489,0.483797,-0.099831
291,1777732254.959099,125.802408,106.176160,93.278332,1.286437,1.029657,0.867655,1.273063,1.013617,0.846384,0.007968,139.893311,127.868645,114.377174,0.501170,0.414342,0.321529,0.481840,0.411639,0.337216,-0.176648,135.196343,120.637817,107.344227,0.762926,0.619447,0.503571,0.745581,0.612298,0.506938,-0.075099
292,1777732255.009322,127.226218,107.294334,93.884615,1.437739,1.158820,1.022849,1.396043,1.121621,0.991014,0.016890,140.408538,127.432037,114.732375,0.544060,0.304251,0.261060,0.524063,0.307769,0.270999,-0.173013,136.014431,120.719469,107.783122,0.841953,0.589108,0.514990,0.814723,0.579053,0.511004,-0.047635
293,1777732255.072907,127.025690,107.053876,94.010863,1.439909,1.159924,1.073154,1.379391,1.111194,1.032748,0.022275,139.995182,127.254438,114.608538,0.523352,0.189269,0.210494,0.508714,0.199069,0.216842,-0.162371,135.672018,120.520917,107.742646,0.828871,0.512821,0.498048,0.798940,0.503111,0.488811,-0.017311
294,1777732255.112000,127.025690,107.053876,94.010863,1.249184,1.004802,0.985932,1.203315,0.968542,0.957534,0.024788,139.995182,127.254438,114.608538,0.444233,0.095723,0.175330,0.438628,0.105477,0.177767,-0.149011,135.672018,120.520917,107.742646,0.712550,0.398749,0.445531,0.693524,0.393165,0.437690,0.017284
295,1777732255.146235,124.987034,105.429779,92.506702,0.904440,0.728636,0.785005,0.896359,0.721339,0.786423,0.024979,139.403409,127.250000,114.995306,0.329015,0.033079,0.155943,0.332776,0.040408,0.149721,-0.139689,134.597951,119.976593,107.499105,0.520823,0.264931,0.365630,0.520637,0.267385,0.361955,0.056262
296,1777732255.188980,124.987034,105.429779,92.506702,0.490446,0.401022,0.534865,0.516729,0.422293,0.552173,0.023459,139.403409,127.250000,114.995306,0.203700,0.005324,0.138570,0.213557,0.011361,0.130757,-0.141574,134.597951,119.976593,107.499105,0.299282,0.137223,0.270668,0.314614,0.148338,0.271229,0.094526
297,1777732255.217243,123.269684,103.944673,91.813165,0.081778,0.086334,0.277244,0.129849,0.128243,0.292878,0.020875,139.029733,127.393206,114.798713,0.087655,0.011771,0.123829,0.099987,0.016681,0.123228,-0.158640,133.776383,119.577029,107.136864,0.085696,0.036625,0.174967,0.109941,0.053868,0.179778,0.125716
298,1777732255.250118,123.269684,103.944673,91.813165,-0.257221,-0.156421,0.031158,-0.221633,-0.122317,0.040435,0.017766,139.029733,127.393206,114.798713,-0.006330,0.047184,0.126768,0.002220,0.049398,0.133466,-0.189076,133.776383,119.577029,107.136864,-0.089960,-0.020684,0.094898,-0.072397,-0.007840,0.102456,0.146106
299,1777732255.294538,123.689601,104.381189,91.351681,-0.519001,-0.319545,-0.191640,-0.530610,-0.319855,-0.192178,0.014542,139.112007,127.694526,114.808570,-0.078003,0.101591,0.156280,-0.079498,0.101614,0.170887,-0.225095,133.971205,119.923414,106.989607,-0.225003,-0.038787,0.040306,-0.229868,-0.038875,0.049865,0.154200
300,1777732255.312543,123.689601,104.381189,91.351681,-0.751694,-0.445907,-0.385982,-0.795181,-0.468827,-0.396609,0.011493,139.112007,127.694526,114.808570,-0.139297,0.160368,0.214894,-0.147501,0.162169,0.237211,-0.254540,133.971205,119.923414,106.989607,-0.343430,-0.041724,0.014602,-0.363394,-0.048163,0.025938,0.150793
301,1777732255.330422,123.689601,104.381189,91.351681,-0.991293,-0.566725,-0.558466,-1.004436,-0.578014,-0.559106,0.008812,139.112007,127.694526,114.808570,-0.199958,0.216165,0.304184,-0.203675,0.215521,0.314380,-0.263547,133.971205,119.923414,106.989607,-0.463736,-0.044799,0.016634,-0.470595,-0.048991,0.023218,0.139242
302,1777732255.357298,121.406584,103.349931,90.145405,-1.201260,-0.673888,-0.695537,-1.154712,-0.661428,-0.671144,0.006579,138.679740,128.083439,115.910051,-0.255978,0.258840,0.396164,-0.251068,0.246110,0.370936,-0.239220,132.922021,119.838937,107.321835,-0.571072,-0.052070,0.032264,-0.552283,-0.056403,0.023576,0.125557
303,1777732255.375090,121.406584,103.349931,90.145405,-1.283213,-0.730907,-0.751255,-1.246979,-0.726178,-0.733175,0.004883,138.679740,128.083439,115.910051,-0.291574,0.267709,0.433304,-0.290845,0.248358,0.386632,-0.168572,132.922021,119.838937,107.321835,-0.622120,-0.065163,0.038451,-0.609556,-0.076488,0.013363,0.114292
304,1777732255.408078,123.458885,104.167840,91.134469,-1.248536,-0.747408,-0.735293,-1.280046,-0.767651,-0.749853,0.004030,139.023190,128.034264,116.050313,-0.310396,0.233112,0.382488,-0.320073,0.228338,0.361937,-0.044887,133.835089,120.078789,107.745032,-0.623109,-0.093728,0.009895,-0.640064,-0.103658,-0.008660,0.105573
305,1777732255.472546,122.405660,103.179245,90.557449,-1.190729,-0.753275,-0.697667,-1.239444,-0.769052,-0.720794,0.004450,138.542449,127.299390,114.388862,-0.322945,0.175489,0.278338,-0.330214,0.192498,0.305376,0.114923,133.163519,119.259342,106.445058,-0.612206,-0.134099,-0.046997,-0.633291,-0.128019,-0.036680,0.099203
306,1777732255.522689,122.405660,103.179245,90.557449,-1.119174,-0.729316,-0.645791,-1.108266,-0.710013,-0.642777,0.006605,138.542449,127.299390,114.388862,-0.317478,0.132542,0.201535,-0.309229,0.146469,0.233262,0.272922,133.163519,119.259342,106.445058,-0.584710,-0.154744,-0.080907,-0.575574,-0.139025,-0.058751,0.097487
307,1777732255.570822,120.662551,102.290809,89.775995,-0.968498,-0.635676,-0.554044,-0.891130,-0.585368,-0.520125,0.010907,138.112814,127.865354,115.249603,-0.273898,0.106259,0.169838,-0.249340,0.098402,0.169034,0.393015,132.296060,119.340506,106.758400,-0.505431,-0.141052,-0.071456,-0.463270,-0.129521,-0.060685,0.103508
308,1777732255.601732,120.662551,102.290809,89.775995,-0.653057,-0.433816,-0.389964,-0.596100,-0.401736,-0.360096,0.017499,138.112814,127.865354,115.249603,-0.173045,0.064299,0.134378,-0.150311,0.052140,0.124414,0.455803,132.296060,119.340506,106.758400,-0.333049,-0.101739,-0.040403,-0.298907,-0.099152,-0.037089,0.117400
309,1777732255.651128,124.339765,104.457795,90.996453,-0.226555,-0.163744,-0.172064,-0.241627,-0.178395,-0.176939,0.026270,138.840094,127.057918,114.224096,-0.025722,0.009595,0.094262,-0.023736,0.009022,0.094895,0.463170,134.006651,119.524544,106.481548,-0.092666,-0.048185,0.005487,-0.096366,-0.053450,0.004284,0.135494
310,1777732255.686142,122.801183,103.789778,91.082653,0.157499,0.073275,0.027731,0.119012,0.046061,0.001311,0.036971,139.062109,127.693950,115.331889,0.121442,-0.035916,0.068224,0.105755,-0.028247,0.069718,0.439531,133.641800,119.725892,107.248810,0.133461,0.000481,0.054726,0.110174,-0.003477,0.046916,0.152221
311,1777732255.750634,124.105632,104.163379,91.159377,0.448007,0.240638,0.165742,0.414283,0.224925,0.143305,0.049274,139.255270,127.016634,114.505764,0.229950,-0.070244,0.040701,0.209898,-0.057414,0.042984,0.445121,134.205391,119.398882,106.723635,0.302635,0.033383,0.082381,0.278027,0.036699,0.076424,0.161440
312,1777732255.779884,124.105632,104.163379,91.159377,0.616744,0.331913,0.231160,0.582243,0.316387,0.221435,0.064438,139.255270,127.016634,114.505764,0.281131,-0.078483,0.019283,0.265623,-0.075294,0.017803,0.524768,134.205391,119.398882,106.723635,0.393002,0.058316,0.089909,0.371163,0.055266,0.085680,0.150885
313,1777732255.815368,123.878063,104.316108,90.643622,0.636240,0.329891,0.231569,0.602977,0.302435,0.223016,0.081078,139.027042,127.979618,115.154229,0.273232,-0.071868,0.001835,0.263692,-0.082158,-0.003927,0.631399,133.977382,120.091781,106.984026,0.394235,0.062052,0.078413,0.376787,0.046040,0.071721,0.106135
314,1777732255.891653,123.344588,103.953043,90.923393,0.533046,0.233133,0.183124,0.503903,0.198534,0.161350,0.089877,138.822418,127.134327,114.299690,0.220817,-0.082107,-0.029889,0.213711,-0.083128,-0.023294,0.683984,133.663141,119.407232,106.507591,0.324893,0.022973,0.041115,0.310442,0.010759,0.038254,0.030501
315,1777732255.911504,123.344588,103.953043,90.923393,0.341816,0.054261,0.081681,0.339028,0.042529,0.069706,0.081362,138.822418,127.134327,114.299690,0.137763,-0.093751,-0.055163,0.137705,-0.086284,-0.044075,0.639631,133.663141,119.407232,106.507591,0.205781,-0.044414,-0.009548,0.204812,-0.043346,-0.006148,-0.057617
316,1777732255.953190,121.363374,102.093827,89.402058,0.128480,-0.150793,-0.043381,0.177275,-0.115273,-0.012337,0.052127,138.098920,127.496030,114.719752,0.045253,-0.097289,-0.069396,0.060347,-0.101885,-0.076267,0.492923,132.520405,119.028629,106.280521,0.072995,-0.115124,-0.060724,0.099323,-0.106348,-0.054957,-0.140592
317,1777732255.971966,121.363374,102.093827,89.402058,-0.004596,-0.287243,-0.116142,0.067925,-0.230735,-0.063394,0.002144,138.098920,127.496030,114.719752,-0.022496,-0.114087,-0.100824,-0.001977,-0.131421,-0.124341,0.271689,132.520405,119.028629,106.280521,-0.016529,-0.171806,-0.105930,0.021323,-0.164526,-0.104026,-0.204994
318,1777732255.990308,121.363374,102.093827,89.402058,-0.008230,-0.309046,-0.100786,0.020414,-0.281505,-0.086205,-0.061623,138.098920,127.496030,114.719752,-0.050585,-0.155553,-0.166244,-0.044733,-0.167902,-0.183931,0.033966,132.520405,119.028629,106.280521,-0.036466,-0.206718,-0.144425,-0.023018,-0.205770,-0.151355,-0.242771
319,1777732256.015281,123.314371,103.277628,90.968506,0.062823,-0.249834,-0.042399,0.024618,-0.263921,-0.084493,-0.121404,138.511975,126.869339,113.842701,-0.054124,-0.206705,-0.247968,-0.066368,-0.202496,-0.244028,-0.136381,133.446107,119.005435,106.217970,-0.015142,-0.221082,-0.179445,-0.036039,-0.222971,-0.190850,-0.253975
320,1777732256.073719,123.314371,103.277628,90.968506,0.102036,-0.174271,-0.026916,0.059091,-0.192887,-0.061274,-0.158020,138.511975,126.869339,113.842701,-0.059190,-0.235640,-0.304765,-0.066604,-0.220112,-0.282855,-0.179278,133.446107,119.005435,106.217970,-0.005448,-0.215184,-0.212148,-0.024706,-0.211037,-0.208995,-0.254360
321,1777732256.129854,121.984511,102.860180,89.230358,0.087748,-0.105227,-0.054162,0.095668,-0.099178,-0.027610,-0.163922,137.902664,126.742658,113.522870,-0.065314,-0.223018,-0.309339,-0.052033,-0.205706,-0.281172,-0.119146,132.596613,118.781832,105.425366,-0.014294,-0.183754,-0.224280,-0.002799,-0.170197,-0.196651,-0.265002
322,1777732256.160953,121.984511,102.860180,89.230358,0.083480,-0.023575,-0.037913,0.113014,-0.013147,0.004809,-0.144001,137.902664,126.742658,113.522870,-0.045475,-0.162369,-0.248706,-0.032260,-0.153737,-0.235679,-0.029928,132.596613,118.781832,105.425366,-0.002490,-0.116104,-0.178442,0.016165,-0.106874,-0.155516,-0.288499
323,1777732256.194310,122.651014,103.644347,90.506313,0.100841,0.059021,0.029769,0.102836,0.047054,0.029832,-0.106247,138.549528,127.284783,114.448925,-0.005286,-0.064619,-0.142169,-0.013322,-0.068821,-0.157041,0.029844,133.250023,119.404638,106.468054,0.030089,-0.023406,-0.084856,0.025398,-0.030196,-0.094750,-0.315285
324,1777732256.221573,122.651014,103.644347,90.506313,0.099289,0.100044,0.078307,0.068842,0.074108,0.044076,-0.060283,138.549528,127.284783,114.448925,0.017053,0.041912,-0.041138,0.001353,0.037335,-0.061046,0.030383,133.250023,119.404638,106.468054,0.044465,0.061290,-0.001323,0.023849,0.049593,-0.026005,-0.335725
325,1777732256.264687,123.233508,103.555398,90.806214,0.040473,0.080116,0.062539,0.012807,0.064025,0.034868,-0.018651,138.194444,127.119013,114.015559,0.009526,0.147175,0.038612,0.005933,0.151136,0.039284,-0.033602,133.207466,119.264474,106.279110,0.019842,0.124822,0.046588,0.008224,0.122099,0.037812,-0.339683
326,1777732256.301255,121.746832,102.997043,89.872994,-0.072691,0.017619,-0.012490,-0.067006,0.018345,-0.013400,0.011744,138.129168,127.423388,114.011988,-0.011846,0.251374,0.116988,-0.005919,0.257828,0.133172,-0.145925,132.668389,119.281273,105.965656,-0.032128,0.173455,0.073829,-0.026282,0.178000,0.084315,-0.302830
327,1777732256.335619,121.746832,102.997043,89.872994,-0.183033,-0.056376,-0.108966,-0.157948,-0.045672,-0.096697,0.032720,138.129168,127.423388,114.011988,-0.038240,0.342081,0.202721,-0.033952,0.341437,0.212613,-0.272314,132.668389,119.281273,105.965656,-0.086505,0.209262,0.098826,-0.075284,0.212401,0.109510,-0.197093
328,1777732256.369723,121.903018,102.747874,89.797119,-0.260453,-0.120860,-0.202916,-0.237874,-0.102401,-0.195252,0.046208,138.163147,127.816211,114.555891,-0.072369,0.399670,0.278708,-0.073667,0.386720,0.270993,-0.363385,132.743104,119.460099,106.302967,-0.135064,0.226160,0.118166,-0.128403,0.223679,0.115578,-0.035451
329,1777732256.398465,121.903018,102.747874,89.797119,-0.317140,-0.162774,-0.292068,-0.305780,-0.144423,-0.292958,0.052271,138.163147,127.816211,114.555891,-0.119192,0.401661,0.313199,-0.125614,0.381424,0.295844,-0.390511,132.743104,119.460099,106.302967,-0.185174,0.213516,0.111444,-0.185669,0.206141,0.099577,0.137909
330,1777732256.431729,121.903018,102.747874,89.797119,-0.360726,-0.175497,-0.375441,-0.388014,-0.186375,-0.383452,0.052920,138.163147,127.816211,114.555891,-0.182246,0.335366,0.288283,-0.193618,0.321504,0.273018,-0.371124,132.743104,119.460099,106.302967,-0.241739,0.165078,0.067042,-0.258417,0.152211,0.054195,0.283175
331,1777732256.448758,123.010420,103.737961,89.698817,-0.422405,-0.184308,-0.450501,-0.492142,-0.230666,-0.460227,0.050780,137.993019,127.169395,114.226769,-0.259022,0.214797,0.208603,-0.270705,0.214157,0.198803,-0.327992,132.998819,119.358917,106.050785,-0.313483,0.081762,-0.011098,-0.344518,0.065883,-0.020874,0.370274
332,1777732256.467024,123.010420,103.737961,89.698817,-0.560118,-0.239385,-0.510946,-0.583704,-0.256185,-0.508723,0.046816,137.993019,127.169395,114.226769,-0.341650,0.070509,0.087358,-0.337711,0.075735,0.083963,-0.270809,132.998819,119.358917,106.050785,-0.414472,-0.032789,-0.112076,-0.419709,-0.034905,-0.113599,0.381877
333,1777732256.494626,119.566529,101.481344,89.081893,-0.711474,-0.305676,-0.535746,-0.626872,-0.248138,-0.513388,0.041237,137.198555,126.842490,113.614560,-0.405094,-0.075475,-0.054861,-0.377747,-0.070146,-0.047068,-0.208442,131.321213,118.388775,105.437004,-0.507220,-0.152209,-0.215156,-0.460789,-0.129477,-0.202508,0.320875
334,1777732256.513993,119.566529,101.481344,89.081893,-0.694568,-0.263448,-0.489363,-0.606576,-0.206626,-0.464614,0.032899,137.198555,126.842490,113.614560,-0.407377,-0.209593,-0.190064,-0.384053,-0.201462,-0.171809,-0.148238,131.321213,118.388775,105.437004,-0.503107,-0.227545,-0.289830,-0.458227,-0.203183,-0.269411,0.222114
335,1777732256.583041,122.985530,104.004823,89.888637,-0.505010,-0.117137,-0.372398,-0.516595,-0.132262,-0.363079,0.019667,138.195178,126.511975,113.331704,-0.352392,-0.318161,-0.298674,-0.358842,-0.308423,-0.285652,-0.095719,133.125295,119.009591,105.517348,-0.403265,-0.251153,-0.323248,-0.411426,-0.249703,-0.311461,0.128635
336,1777732256.637010,122.985530,104.004823,89.888637,-0.316083,0.004584,-0.221754,-0.367484,-0.033048,-0.223880,0.002973,138.195178,126.511975,113.331704,-0.289813,-0.387159,-0.369444,-0.310517,-0.388451,-0.388175,-0.053090,133.125295,119.009591,105.517348,-0.298570,-0.256578,-0.320214,-0.329506,-0.269983,-0.333410,0.052479
337,1777732256.678232,122.009152,102.925514,90.337933,-0.186056,0.066717,-0.064456,-0.203293,0.059752,-0.073904,-0.012544,138.096777,127.115116,114.768577,-0.239968,-0.426240,-0.435065,-0.249893,-0.437331,-0.468704,-0.020145,132.734235,119.051915,106.625029,-0.221997,-0.261921,-0.311528,-0.234360,-0.271636,-0.337104,-0.008422
338,1777732256.707368,122.851326,103.768336,90.738686,-0.079315,0.106537,0.072054,-0.082931,0.104610,0.054844,-0.022474,137.990306,126.380987,112.635630,-0.190908,-0.449374,-0.516310,-0.185747,-0.449026,-0.509191,0.000300,132.943980,118.843437,105.336649,-0.153710,-0.264070,-0.320188,-0.151475,-0.264481,-0.321180,-0.045772
339,1777732256.742327,122.851326,103.768336,90.738686,-0.005837,0.112092,0.162268,-0.029392,0.088083,0.139410,-0.024200,137.990306,126.380987,112.635630,-0.129552,-0.434856,-0.540124,-0.119376,-0.419639,-0.493825,0.006301,132.943980,118.843437,105.336649,-0.088314,-0.252540,-0.305993,-0.089381,-0.250399,-0.282747,-0.050508
340,1777732256.785773,122.851326,103.768336,90.738686,0.021956,0.065674,0.203273,-0.011679,0.036100,0.182394,-0.017660,137.990306,126.380987,112.635630,-0.047637,-0.363465,-0.450646,-0.044440,-0.348138,-0.414387,0.004148,132.943980,118.843437,105.336649,-0.024439,-0.220419,-0.232673,-0.033520,-0.220059,-0.215460,-0.028413
341,1777732256.832111,122.976025,103.441481,90.785927,0.011108,-0.019635,0.201696,0.016612,-0.015736,0.207351,-0.005320,138.581215,126.713343,113.684588,0.045205,-0.243001,-0.274283,0.043360,-0.235224,-0.269835,0.002189,133.379485,118.956056,106.051701,0.033839,-0.168546,-0.115623,0.034444,-0.162061,-0.110773,0.004121
342,1777732256.882636,121.078147,102.162630,89.665869,0.015034,-0.088848,0.191914,0.086803,-0.038394,0.236080,0.007334,138.252046,126.966779,113.973760,0.132552,-0.096020,-0.072036,0.138986,-0.092174,-0.081963,0.004907,132.527413,118.698729,105.871130,0.093379,-0.093629,0.015947,0.121592,-0.074247,0.024051,0.032018
343,1777732256.915041,121.078147,102.162630,89.665869,0.138831,-0.062757,0.237756,0.211616,-0.009573,0.275244,0.014724,138.252046,126.966779,113.973760,0.221604,0.057301,0.115120,0.230371,0.055566,0.101574,0.013525,132.527413,118.698729,105.871130,0.194013,0.017282,0.155999,0.224120,0.033853,0.159464,0.044272
344,1777732256.962774,123.814751,103.668811,91.427816,0.368932,0.056069,0.328195,0.372113,0.069357,0.315071,0.015892,138.969203,127.684536,114.742013,0.307306,0.193614,0.261472,0.302863,0.179898,0.237386,0.026205,133.917719,119.679294,106.970614,0.327848,0.147766,0.283713,0.325946,0.143051,0.263281,0.035913
345,1777732256.983140,123.814751,103.668811,91.427816,0.569713,0.191645,0.376192,0.518184,0.167723,0.335044,0.012947,138.969203,127.684536,114.742013,0.356917,0.277774,0.329420,0.343628,0.259286,0.304751,0.038239,133.917719,119.679294,106.970614,0.427849,0.249065,0.345011,0.401813,0.228765,0.314849,0.010056
346,1777732257.028564,124.633741,104.573572,91.173805,0.654134,0.282892,0.346256,0.544039,0.216819,0.301216,0.008345,139.023468,127.593132,114.251482,0.354368,0.295844,0.314448,0.317499,0.261776,0.286659,0.039957,134.226893,119.919946,106.558923,0.454290,0.291527,0.325050,0.393012,0.246790,0.291511,-0.013701
347,1777732257.045709,124.633741,104.573572,91.173805,0.584841,0.284435,0.255020,0.489799,0.224044,0.230969,0.003973,139.023468,127.593132,114.251482,0.300420,0.255077,0.244965,0.262490,0.224322,0.226348,0.032761,134.226893,119.919946,106.558923,0.395227,0.264863,0.248317,0.338259,0.224230,0.227888,-0.026950
348,1777732257.089117,123.197739,103.709777,90.276718,0.383336,0.197259,0.135673,0.417085,0.212034,0.161361,0.000985,138.834783,127.251171,113.823411,0.201851,0.169319,0.147759,0.212094,0.182967,0.166639,0.024428,133.622435,119.404039,105.974513,0.262346,0.178632,0.143730,0.280424,0.192656,0.164880,-0.031666
349,1777732257.108456,123.197739,103.709777,90.276718,0.129773,0.068690,0.037593,0.385551,0.205258,0.132715,-0.000065,138.834783,127.251171,113.823411,0.071514,0.058867,0.047679,0.192137,0.165683,0.142196,0.021206,133.622435,119.404039,105.974513,0.090934,0.062142,0.044317,0.256609,0.178874,0.139036,-0.032927
